--
-- PostgreSQL database dump
--

-- Dumped from database version 15.2 (Debian 15.2-1.pgdg110+1)
-- Dumped by pg_dump version 15.1

-- Started on 2023-03-04 13:57:40 UTC

SET statement_timeout = 0;
SET lock_timeout = 0;
SET idle_in_transaction_session_timeout = 0;
SET client_encoding = 'UTF8';
SET standard_conforming_strings = on;
SELECT pg_catalog.set_config('search_path', '', false);
SET check_function_bodies = false;
SET xmloption = content;
SET client_min_messages = warning;
SET row_security = off;

--
-- TOC entry 3474 (class 0 OID 16428)
-- Dependencies: 222
-- Data for Name: controlpoint; Type: TABLE DATA; Schema: public; Owner: levi
--

INSERT INTO public.controlpoint (id, name, ipaddress, mac) VALUES (3, 'Upstairs', '192.168.1.153', '78:21:84:79:EA:88');


--
-- TOC entry 3471 (class 0 OID 16411)
-- Dependencies: 219
-- Data for Name: node; Type: TABLE DATA; Schema: public; Owner: levi
--

INSERT INTO public.node (id, mac, name) VALUES (43, '78:21:84:7A:AA:D8', 'Garage');
INSERT INTO public.node (id, mac, name) VALUES (44, '7C:9E:BD:47:8A:04', 'Main BR');
INSERT INTO public.node (id, mac, name) VALUES (45, '7C:9E:BD:49:09:B0', 'Kids Room');
INSERT INTO public.node (id, mac, name) VALUES (46, '7C:9E:BD:49:3A:6C', 'Main Floor');
INSERT INTO public.node (id, mac, name) VALUES (47, '24:6F:28:7C:77:48', 'Dad''s Office');
INSERT INTO public.node (id, mac, name) VALUES (48, '24:6F:28:7B:09:5C', 'Kitchen');


--
-- TOC entry 3475 (class 0 OID 16433)
-- Dependencies: 223
-- Data for Name: controlpointnodes; Type: TABLE DATA; Schema: public; Owner: levi
--

INSERT INTO public.controlpointnodes (id, controlpointid, nodeid) VALUES (43, 3, 43);
INSERT INTO public.controlpointnodes (id, controlpointid, nodeid) VALUES (44, 3, 44);
INSERT INTO public.controlpointnodes (id, controlpointid, nodeid) VALUES (45, 3, 45);
INSERT INTO public.controlpointnodes (id, controlpointid, nodeid) VALUES (46, 3, 46);
INSERT INTO public.controlpointnodes (id, controlpointid, nodeid) VALUES (47, 3, 47);
INSERT INTO public.controlpointnodes (id, controlpointid, nodeid) VALUES (48, 3, 48);


--
-- TOC entry 3479 (class 0 OID 16451)
-- Dependencies: 227
-- Data for Name: nodesensorlog; Type: TABLE DATA; Schema: public; Owner: levi
--

INSERT INTO public.nodesensorlog (id, nodeid, datelogged) VALUES (1, 45, '20230303200841');
INSERT INTO public.nodesensorlog (id, nodeid, datelogged) VALUES (2, 44, '20230303201032');
INSERT INTO public.nodesensorlog (id, nodeid, datelogged) VALUES (3, 48, '20230303201132');
INSERT INTO public.nodesensorlog (id, nodeid, datelogged) VALUES (4, 46, '20230303201205');
INSERT INTO public.nodesensorlog (id, nodeid, datelogged) VALUES (5, 43, '20230303201244');
INSERT INTO public.nodesensorlog (id, nodeid, datelogged) VALUES (6, 47, '20230303201305');
INSERT INTO public.nodesensorlog (id, nodeid, datelogged) VALUES (7, 45, '20230303201341');
INSERT INTO public.nodesensorlog (id, nodeid, datelogged) VALUES (8, 44, '20230303201532');
INSERT INTO public.nodesensorlog (id, nodeid, datelogged) VALUES (9, 48, '20230303201632');
INSERT INTO public.nodesensorlog (id, nodeid, datelogged) VALUES (10, 46, '20230303201705');
INSERT INTO public.nodesensorlog (id, nodeid, datelogged) VALUES (11, 43, '20230303201744');
INSERT INTO public.nodesensorlog (id, nodeid, datelogged) VALUES (12, 47, '20230303201805');
INSERT INTO public.nodesensorlog (id, nodeid, datelogged) VALUES (13, 45, '20230303201841');
INSERT INTO public.nodesensorlog (id, nodeid, datelogged) VALUES (14, 44, '20230303202032');
INSERT INTO public.nodesensorlog (id, nodeid, datelogged) VALUES (15, 48, '20230303202132');
INSERT INTO public.nodesensorlog (id, nodeid, datelogged) VALUES (16, 46, '20230303202205');
INSERT INTO public.nodesensorlog (id, nodeid, datelogged) VALUES (17, 43, '20230303202243');
INSERT INTO public.nodesensorlog (id, nodeid, datelogged) VALUES (18, 47, '20230303202305');
INSERT INTO public.nodesensorlog (id, nodeid, datelogged) VALUES (19, 45, '20230303202341');
INSERT INTO public.nodesensorlog (id, nodeid, datelogged) VALUES (20, 44, '20230303202532');
INSERT INTO public.nodesensorlog (id, nodeid, datelogged) VALUES (21, 48, '20230303202632');
INSERT INTO public.nodesensorlog (id, nodeid, datelogged) VALUES (22, 46, '20230303202705');
INSERT INTO public.nodesensorlog (id, nodeid, datelogged) VALUES (23, 43, '20230303202744');
INSERT INTO public.nodesensorlog (id, nodeid, datelogged) VALUES (24, 47, '20230303202805');
INSERT INTO public.nodesensorlog (id, nodeid, datelogged) VALUES (25, 45, '20230303202841');
INSERT INTO public.nodesensorlog (id, nodeid, datelogged) VALUES (26, 44, '20230303203032');
INSERT INTO public.nodesensorlog (id, nodeid, datelogged) VALUES (27, 48, '20230303203134');
INSERT INTO public.nodesensorlog (id, nodeid, datelogged) VALUES (28, 46, '20230303203205');
INSERT INTO public.nodesensorlog (id, nodeid, datelogged) VALUES (29, 43, '20230303203244');
INSERT INTO public.nodesensorlog (id, nodeid, datelogged) VALUES (30, 47, '20230303203305');
INSERT INTO public.nodesensorlog (id, nodeid, datelogged) VALUES (31, 45, '20230303203341');
INSERT INTO public.nodesensorlog (id, nodeid, datelogged) VALUES (32, 44, '20230303203532');
INSERT INTO public.nodesensorlog (id, nodeid, datelogged) VALUES (33, 48, '20230303203632');
INSERT INTO public.nodesensorlog (id, nodeid, datelogged) VALUES (34, 46, '20230303203705');
INSERT INTO public.nodesensorlog (id, nodeid, datelogged) VALUES (35, 43, '20230303203744');
INSERT INTO public.nodesensorlog (id, nodeid, datelogged) VALUES (36, 47, '20230303203805');
INSERT INTO public.nodesensorlog (id, nodeid, datelogged) VALUES (37, 45, '20230303203841');
INSERT INTO public.nodesensorlog (id, nodeid, datelogged) VALUES (38, 44, '20230303204032');
INSERT INTO public.nodesensorlog (id, nodeid, datelogged) VALUES (39, 48, '20230303204132');
INSERT INTO public.nodesensorlog (id, nodeid, datelogged) VALUES (40, 46, '20230303204205');
INSERT INTO public.nodesensorlog (id, nodeid, datelogged) VALUES (41, 43, '20230303204244');
INSERT INTO public.nodesensorlog (id, nodeid, datelogged) VALUES (42, 47, '20230303204305');
INSERT INTO public.nodesensorlog (id, nodeid, datelogged) VALUES (43, 45, '20230303204341');
INSERT INTO public.nodesensorlog (id, nodeid, datelogged) VALUES (44, 44, '20230303204532');
INSERT INTO public.nodesensorlog (id, nodeid, datelogged) VALUES (45, 48, '20230303204632');
INSERT INTO public.nodesensorlog (id, nodeid, datelogged) VALUES (46, 46, '20230303204705');
INSERT INTO public.nodesensorlog (id, nodeid, datelogged) VALUES (47, 43, '20230303204744');
INSERT INTO public.nodesensorlog (id, nodeid, datelogged) VALUES (48, 47, '20230303204805');
INSERT INTO public.nodesensorlog (id, nodeid, datelogged) VALUES (49, 45, '20230303204841');
INSERT INTO public.nodesensorlog (id, nodeid, datelogged) VALUES (50, 44, '20230303205032');
INSERT INTO public.nodesensorlog (id, nodeid, datelogged) VALUES (51, 48, '20230303205132');
INSERT INTO public.nodesensorlog (id, nodeid, datelogged) VALUES (52, 46, '20230303205205');
INSERT INTO public.nodesensorlog (id, nodeid, datelogged) VALUES (53, 43, '20230303205244');
INSERT INTO public.nodesensorlog (id, nodeid, datelogged) VALUES (54, 47, '20230303205305');
INSERT INTO public.nodesensorlog (id, nodeid, datelogged) VALUES (55, 45, '20230303205341');
INSERT INTO public.nodesensorlog (id, nodeid, datelogged) VALUES (56, 44, '20230303205532');
INSERT INTO public.nodesensorlog (id, nodeid, datelogged) VALUES (57, 48, '20230303205632');
INSERT INTO public.nodesensorlog (id, nodeid, datelogged) VALUES (58, 43, '20230303205634');
INSERT INTO public.nodesensorlog (id, nodeid, datelogged) VALUES (59, 46, '20230303205705');
INSERT INTO public.nodesensorlog (id, nodeid, datelogged) VALUES (60, 43, '20230303205737');
INSERT INTO public.nodesensorlog (id, nodeid, datelogged) VALUES (61, 43, '20230303205744');
INSERT INTO public.nodesensorlog (id, nodeid, datelogged) VALUES (62, 43, '20230303205751');
INSERT INTO public.nodesensorlog (id, nodeid, datelogged) VALUES (63, 47, '20230303205805');
INSERT INTO public.nodesensorlog (id, nodeid, datelogged) VALUES (64, 45, '20230303205841');
INSERT INTO public.nodesensorlog (id, nodeid, datelogged) VALUES (65, 44, '20230303210032');
INSERT INTO public.nodesensorlog (id, nodeid, datelogged) VALUES (66, 48, '20230303210132');
INSERT INTO public.nodesensorlog (id, nodeid, datelogged) VALUES (67, 46, '20230303210205');
INSERT INTO public.nodesensorlog (id, nodeid, datelogged) VALUES (68, 43, '20230303210244');
INSERT INTO public.nodesensorlog (id, nodeid, datelogged) VALUES (69, 47, '20230303210306');
INSERT INTO public.nodesensorlog (id, nodeid, datelogged) VALUES (70, 45, '20230303210341');
INSERT INTO public.nodesensorlog (id, nodeid, datelogged) VALUES (71, 43, '20230303210406');
INSERT INTO public.nodesensorlog (id, nodeid, datelogged) VALUES (72, 47, '20230303210418');
INSERT INTO public.nodesensorlog (id, nodeid, datelogged) VALUES (73, 48, '20230303210419');
INSERT INTO public.nodesensorlog (id, nodeid, datelogged) VALUES (74, 43, '20230303210509');
INSERT INTO public.nodesensorlog (id, nodeid, datelogged) VALUES (75, 44, '20230303210532');
INSERT INTO public.nodesensorlog (id, nodeid, datelogged) VALUES (76, 48, '20230303210632');
INSERT INTO public.nodesensorlog (id, nodeid, datelogged) VALUES (77, 46, '20230303210705');
INSERT INTO public.nodesensorlog (id, nodeid, datelogged) VALUES (78, 43, '20230303210744');
INSERT INTO public.nodesensorlog (id, nodeid, datelogged) VALUES (79, 47, '20230303210806');
INSERT INTO public.nodesensorlog (id, nodeid, datelogged) VALUES (80, 45, '20230303210841');
INSERT INTO public.nodesensorlog (id, nodeid, datelogged) VALUES (81, 44, '20230303211032');
INSERT INTO public.nodesensorlog (id, nodeid, datelogged) VALUES (82, 48, '20230303211132');
INSERT INTO public.nodesensorlog (id, nodeid, datelogged) VALUES (83, 46, '20230303211205');
INSERT INTO public.nodesensorlog (id, nodeid, datelogged) VALUES (84, 43, '20230303211244');
INSERT INTO public.nodesensorlog (id, nodeid, datelogged) VALUES (85, 47, '20230303211306');
INSERT INTO public.nodesensorlog (id, nodeid, datelogged) VALUES (86, 45, '20230303211341');
INSERT INTO public.nodesensorlog (id, nodeid, datelogged) VALUES (87, 44, '20230303211532');
INSERT INTO public.nodesensorlog (id, nodeid, datelogged) VALUES (88, 48, '20230303211632');
INSERT INTO public.nodesensorlog (id, nodeid, datelogged) VALUES (89, 46, '20230303211705');
INSERT INTO public.nodesensorlog (id, nodeid, datelogged) VALUES (90, 43, '20230303211744');
INSERT INTO public.nodesensorlog (id, nodeid, datelogged) VALUES (91, 47, '20230303211806');
INSERT INTO public.nodesensorlog (id, nodeid, datelogged) VALUES (92, 45, '20230303211841');
INSERT INTO public.nodesensorlog (id, nodeid, datelogged) VALUES (93, 44, '20230303212032');
INSERT INTO public.nodesensorlog (id, nodeid, datelogged) VALUES (94, 48, '20230303212132');
INSERT INTO public.nodesensorlog (id, nodeid, datelogged) VALUES (95, 46, '20230303212205');
INSERT INTO public.nodesensorlog (id, nodeid, datelogged) VALUES (96, 43, '20230303212244');
INSERT INTO public.nodesensorlog (id, nodeid, datelogged) VALUES (97, 47, '20230303212306');
INSERT INTO public.nodesensorlog (id, nodeid, datelogged) VALUES (98, 45, '20230303212341');
INSERT INTO public.nodesensorlog (id, nodeid, datelogged) VALUES (99, 44, '20230303212532');
INSERT INTO public.nodesensorlog (id, nodeid, datelogged) VALUES (100, 48, '20230303212632');
INSERT INTO public.nodesensorlog (id, nodeid, datelogged) VALUES (101, 46, '20230303212705');
INSERT INTO public.nodesensorlog (id, nodeid, datelogged) VALUES (102, 43, '20230303212744');
INSERT INTO public.nodesensorlog (id, nodeid, datelogged) VALUES (103, 47, '20230303212806');
INSERT INTO public.nodesensorlog (id, nodeid, datelogged) VALUES (104, 45, '20230303212841');
INSERT INTO public.nodesensorlog (id, nodeid, datelogged) VALUES (105, 44, '20230303213032');
INSERT INTO public.nodesensorlog (id, nodeid, datelogged) VALUES (106, 48, '20230303213132');
INSERT INTO public.nodesensorlog (id, nodeid, datelogged) VALUES (107, 46, '20230303213205');
INSERT INTO public.nodesensorlog (id, nodeid, datelogged) VALUES (108, 43, '20230303213244');
INSERT INTO public.nodesensorlog (id, nodeid, datelogged) VALUES (109, 47, '20230303213306');
INSERT INTO public.nodesensorlog (id, nodeid, datelogged) VALUES (110, 45, '20230303213342');
INSERT INTO public.nodesensorlog (id, nodeid, datelogged) VALUES (111, 44, '20230303213532');
INSERT INTO public.nodesensorlog (id, nodeid, datelogged) VALUES (112, 48, '20230303213632');
INSERT INTO public.nodesensorlog (id, nodeid, datelogged) VALUES (113, 46, '20230303213705');
INSERT INTO public.nodesensorlog (id, nodeid, datelogged) VALUES (114, 43, '20230303213744');
INSERT INTO public.nodesensorlog (id, nodeid, datelogged) VALUES (115, 47, '20230303213806');
INSERT INTO public.nodesensorlog (id, nodeid, datelogged) VALUES (116, 45, '20230303213841');
INSERT INTO public.nodesensorlog (id, nodeid, datelogged) VALUES (117, 44, '20230303214032');
INSERT INTO public.nodesensorlog (id, nodeid, datelogged) VALUES (118, 48, '20230303214132');
INSERT INTO public.nodesensorlog (id, nodeid, datelogged) VALUES (119, 46, '20230303214205');
INSERT INTO public.nodesensorlog (id, nodeid, datelogged) VALUES (120, 43, '20230303214244');
INSERT INTO public.nodesensorlog (id, nodeid, datelogged) VALUES (121, 47, '20230303214306');
INSERT INTO public.nodesensorlog (id, nodeid, datelogged) VALUES (122, 45, '20230303214342');
INSERT INTO public.nodesensorlog (id, nodeid, datelogged) VALUES (123, 44, '20230303214532');
INSERT INTO public.nodesensorlog (id, nodeid, datelogged) VALUES (124, 48, '20230303214632');
INSERT INTO public.nodesensorlog (id, nodeid, datelogged) VALUES (125, 46, '20230303214705');
INSERT INTO public.nodesensorlog (id, nodeid, datelogged) VALUES (126, 43, '20230303214744');
INSERT INTO public.nodesensorlog (id, nodeid, datelogged) VALUES (127, 47, '20230303214806');
INSERT INTO public.nodesensorlog (id, nodeid, datelogged) VALUES (128, 45, '20230303214842');
INSERT INTO public.nodesensorlog (id, nodeid, datelogged) VALUES (129, 44, '20230303215032');
INSERT INTO public.nodesensorlog (id, nodeid, datelogged) VALUES (130, 48, '20230303215132');
INSERT INTO public.nodesensorlog (id, nodeid, datelogged) VALUES (131, 46, '20230303215205');
INSERT INTO public.nodesensorlog (id, nodeid, datelogged) VALUES (132, 43, '20230303215244');
INSERT INTO public.nodesensorlog (id, nodeid, datelogged) VALUES (133, 47, '20230303215306');
INSERT INTO public.nodesensorlog (id, nodeid, datelogged) VALUES (134, 45, '20230303215342');
INSERT INTO public.nodesensorlog (id, nodeid, datelogged) VALUES (135, 44, '20230303215532');
INSERT INTO public.nodesensorlog (id, nodeid, datelogged) VALUES (136, 48, '20230303215632');
INSERT INTO public.nodesensorlog (id, nodeid, datelogged) VALUES (137, 46, '20230303215705');
INSERT INTO public.nodesensorlog (id, nodeid, datelogged) VALUES (138, 43, '20230303215744');
INSERT INTO public.nodesensorlog (id, nodeid, datelogged) VALUES (139, 47, '20230303215806');
INSERT INTO public.nodesensorlog (id, nodeid, datelogged) VALUES (140, 45, '20230303215842');
INSERT INTO public.nodesensorlog (id, nodeid, datelogged) VALUES (141, 44, '20230303220032');
INSERT INTO public.nodesensorlog (id, nodeid, datelogged) VALUES (142, 48, '20230303220132');
INSERT INTO public.nodesensorlog (id, nodeid, datelogged) VALUES (143, 46, '20230303220205');
INSERT INTO public.nodesensorlog (id, nodeid, datelogged) VALUES (144, 43, '20230303220244');
INSERT INTO public.nodesensorlog (id, nodeid, datelogged) VALUES (145, 47, '20230303220306');
INSERT INTO public.nodesensorlog (id, nodeid, datelogged) VALUES (146, 45, '20230303220342');
INSERT INTO public.nodesensorlog (id, nodeid, datelogged) VALUES (147, 44, '20230303220532');
INSERT INTO public.nodesensorlog (id, nodeid, datelogged) VALUES (148, 48, '20230303220632');
INSERT INTO public.nodesensorlog (id, nodeid, datelogged) VALUES (149, 46, '20230303220705');
INSERT INTO public.nodesensorlog (id, nodeid, datelogged) VALUES (150, 43, '20230303220744');
INSERT INTO public.nodesensorlog (id, nodeid, datelogged) VALUES (151, 47, '20230303220806');
INSERT INTO public.nodesensorlog (id, nodeid, datelogged) VALUES (152, 45, '20230303220842');
INSERT INTO public.nodesensorlog (id, nodeid, datelogged) VALUES (153, 44, '20230303221032');
INSERT INTO public.nodesensorlog (id, nodeid, datelogged) VALUES (154, 48, '20230303221132');
INSERT INTO public.nodesensorlog (id, nodeid, datelogged) VALUES (155, 46, '20230303221205');
INSERT INTO public.nodesensorlog (id, nodeid, datelogged) VALUES (156, 43, '20230303221244');
INSERT INTO public.nodesensorlog (id, nodeid, datelogged) VALUES (157, 47, '20230303221306');
INSERT INTO public.nodesensorlog (id, nodeid, datelogged) VALUES (158, 45, '20230303221342');
INSERT INTO public.nodesensorlog (id, nodeid, datelogged) VALUES (159, 44, '20230303221532');
INSERT INTO public.nodesensorlog (id, nodeid, datelogged) VALUES (160, 48, '20230303221633');
INSERT INTO public.nodesensorlog (id, nodeid, datelogged) VALUES (161, 46, '20230303221705');
INSERT INTO public.nodesensorlog (id, nodeid, datelogged) VALUES (162, 43, '20230303221744');
INSERT INTO public.nodesensorlog (id, nodeid, datelogged) VALUES (163, 47, '20230303221806');
INSERT INTO public.nodesensorlog (id, nodeid, datelogged) VALUES (164, 45, '20230303221842');
INSERT INTO public.nodesensorlog (id, nodeid, datelogged) VALUES (165, 44, '20230303222032');
INSERT INTO public.nodesensorlog (id, nodeid, datelogged) VALUES (166, 48, '20230303222133');
INSERT INTO public.nodesensorlog (id, nodeid, datelogged) VALUES (167, 46, '20230303222206');
INSERT INTO public.nodesensorlog (id, nodeid, datelogged) VALUES (168, 43, '20230303222244');
INSERT INTO public.nodesensorlog (id, nodeid, datelogged) VALUES (169, 47, '20230303222306');
INSERT INTO public.nodesensorlog (id, nodeid, datelogged) VALUES (170, 45, '20230303222342');
INSERT INTO public.nodesensorlog (id, nodeid, datelogged) VALUES (171, 44, '20230303222532');
INSERT INTO public.nodesensorlog (id, nodeid, datelogged) VALUES (172, 48, '20230303222633');
INSERT INTO public.nodesensorlog (id, nodeid, datelogged) VALUES (173, 46, '20230303222706');
INSERT INTO public.nodesensorlog (id, nodeid, datelogged) VALUES (174, 43, '20230303222744');
INSERT INTO public.nodesensorlog (id, nodeid, datelogged) VALUES (175, 47, '20230303222806');
INSERT INTO public.nodesensorlog (id, nodeid, datelogged) VALUES (176, 45, '20230303222842');
INSERT INTO public.nodesensorlog (id, nodeid, datelogged) VALUES (177, 44, '20230303223032');
INSERT INTO public.nodesensorlog (id, nodeid, datelogged) VALUES (178, 48, '20230303223133');
INSERT INTO public.nodesensorlog (id, nodeid, datelogged) VALUES (179, 46, '20230303223206');
INSERT INTO public.nodesensorlog (id, nodeid, datelogged) VALUES (180, 43, '20230303223244');
INSERT INTO public.nodesensorlog (id, nodeid, datelogged) VALUES (181, 47, '20230303223306');
INSERT INTO public.nodesensorlog (id, nodeid, datelogged) VALUES (182, 45, '20230303223342');
INSERT INTO public.nodesensorlog (id, nodeid, datelogged) VALUES (183, 44, '20230303223532');
INSERT INTO public.nodesensorlog (id, nodeid, datelogged) VALUES (184, 48, '20230303223633');
INSERT INTO public.nodesensorlog (id, nodeid, datelogged) VALUES (185, 46, '20230303223706');
INSERT INTO public.nodesensorlog (id, nodeid, datelogged) VALUES (186, 43, '20230303223744');
INSERT INTO public.nodesensorlog (id, nodeid, datelogged) VALUES (187, 47, '20230303223806');
INSERT INTO public.nodesensorlog (id, nodeid, datelogged) VALUES (188, 45, '20230303223842');
INSERT INTO public.nodesensorlog (id, nodeid, datelogged) VALUES (189, 44, '20230303224033');
INSERT INTO public.nodesensorlog (id, nodeid, datelogged) VALUES (190, 48, '20230303224133');
INSERT INTO public.nodesensorlog (id, nodeid, datelogged) VALUES (191, 46, '20230303224206');
INSERT INTO public.nodesensorlog (id, nodeid, datelogged) VALUES (192, 43, '20230303224244');
INSERT INTO public.nodesensorlog (id, nodeid, datelogged) VALUES (193, 47, '20230303224306');
INSERT INTO public.nodesensorlog (id, nodeid, datelogged) VALUES (194, 45, '20230303224342');
INSERT INTO public.nodesensorlog (id, nodeid, datelogged) VALUES (195, 44, '20230303224533');
INSERT INTO public.nodesensorlog (id, nodeid, datelogged) VALUES (196, 48, '20230303224633');
INSERT INTO public.nodesensorlog (id, nodeid, datelogged) VALUES (197, 46, '20230303224706');
INSERT INTO public.nodesensorlog (id, nodeid, datelogged) VALUES (198, 43, '20230303224744');
INSERT INTO public.nodesensorlog (id, nodeid, datelogged) VALUES (199, 47, '20230303224806');
INSERT INTO public.nodesensorlog (id, nodeid, datelogged) VALUES (200, 45, '20230303224842');
INSERT INTO public.nodesensorlog (id, nodeid, datelogged) VALUES (201, 44, '20230303225033');
INSERT INTO public.nodesensorlog (id, nodeid, datelogged) VALUES (202, 48, '20230303225133');
INSERT INTO public.nodesensorlog (id, nodeid, datelogged) VALUES (203, 46, '20230303225206');
INSERT INTO public.nodesensorlog (id, nodeid, datelogged) VALUES (204, 43, '20230303225244');
INSERT INTO public.nodesensorlog (id, nodeid, datelogged) VALUES (205, 47, '20230303225306');
INSERT INTO public.nodesensorlog (id, nodeid, datelogged) VALUES (206, 45, '20230303225342');
INSERT INTO public.nodesensorlog (id, nodeid, datelogged) VALUES (207, 44, '20230303225533');
INSERT INTO public.nodesensorlog (id, nodeid, datelogged) VALUES (208, 48, '20230303225633');
INSERT INTO public.nodesensorlog (id, nodeid, datelogged) VALUES (209, 46, '20230303225706');
INSERT INTO public.nodesensorlog (id, nodeid, datelogged) VALUES (210, 43, '20230303225744');
INSERT INTO public.nodesensorlog (id, nodeid, datelogged) VALUES (211, 47, '20230303225806');
INSERT INTO public.nodesensorlog (id, nodeid, datelogged) VALUES (212, 45, '20230303225842');
INSERT INTO public.nodesensorlog (id, nodeid, datelogged) VALUES (213, 44, '20230303230033');
INSERT INTO public.nodesensorlog (id, nodeid, datelogged) VALUES (214, 48, '20230303230133');
INSERT INTO public.nodesensorlog (id, nodeid, datelogged) VALUES (215, 46, '20230303230206');
INSERT INTO public.nodesensorlog (id, nodeid, datelogged) VALUES (216, 43, '20230303230244');
INSERT INTO public.nodesensorlog (id, nodeid, datelogged) VALUES (217, 47, '20230303230306');
INSERT INTO public.nodesensorlog (id, nodeid, datelogged) VALUES (218, 45, '20230303230342');
INSERT INTO public.nodesensorlog (id, nodeid, datelogged) VALUES (219, 44, '20230303230536');
INSERT INTO public.nodesensorlog (id, nodeid, datelogged) VALUES (220, 48, '20230303230633');
INSERT INTO public.nodesensorlog (id, nodeid, datelogged) VALUES (221, 46, '20230303230706');
INSERT INTO public.nodesensorlog (id, nodeid, datelogged) VALUES (222, 43, '20230303230744');
INSERT INTO public.nodesensorlog (id, nodeid, datelogged) VALUES (223, 47, '20230303230806');
INSERT INTO public.nodesensorlog (id, nodeid, datelogged) VALUES (224, 45, '20230303230842');
INSERT INTO public.nodesensorlog (id, nodeid, datelogged) VALUES (225, 44, '20230303231033');
INSERT INTO public.nodesensorlog (id, nodeid, datelogged) VALUES (226, 48, '20230303231133');
INSERT INTO public.nodesensorlog (id, nodeid, datelogged) VALUES (227, 46, '20230303231206');
INSERT INTO public.nodesensorlog (id, nodeid, datelogged) VALUES (228, 43, '20230303231244');
INSERT INTO public.nodesensorlog (id, nodeid, datelogged) VALUES (229, 47, '20230303231306');
INSERT INTO public.nodesensorlog (id, nodeid, datelogged) VALUES (230, 45, '20230303231342');
INSERT INTO public.nodesensorlog (id, nodeid, datelogged) VALUES (231, 44, '20230303231533');
INSERT INTO public.nodesensorlog (id, nodeid, datelogged) VALUES (232, 48, '20230303231633');
INSERT INTO public.nodesensorlog (id, nodeid, datelogged) VALUES (233, 46, '20230303231706');
INSERT INTO public.nodesensorlog (id, nodeid, datelogged) VALUES (234, 43, '20230303231744');
INSERT INTO public.nodesensorlog (id, nodeid, datelogged) VALUES (235, 47, '20230303231806');
INSERT INTO public.nodesensorlog (id, nodeid, datelogged) VALUES (236, 45, '20230303231842');
INSERT INTO public.nodesensorlog (id, nodeid, datelogged) VALUES (237, 44, '20230303232033');
INSERT INTO public.nodesensorlog (id, nodeid, datelogged) VALUES (238, 48, '20230303232133');
INSERT INTO public.nodesensorlog (id, nodeid, datelogged) VALUES (239, 46, '20230303232206');
INSERT INTO public.nodesensorlog (id, nodeid, datelogged) VALUES (240, 43, '20230303232244');
INSERT INTO public.nodesensorlog (id, nodeid, datelogged) VALUES (241, 47, '20230303232306');
INSERT INTO public.nodesensorlog (id, nodeid, datelogged) VALUES (242, 45, '20230303232342');
INSERT INTO public.nodesensorlog (id, nodeid, datelogged) VALUES (243, 44, '20230303232533');
INSERT INTO public.nodesensorlog (id, nodeid, datelogged) VALUES (244, 48, '20230303232633');
INSERT INTO public.nodesensorlog (id, nodeid, datelogged) VALUES (245, 46, '20230303232706');
INSERT INTO public.nodesensorlog (id, nodeid, datelogged) VALUES (246, 43, '20230303232744');
INSERT INTO public.nodesensorlog (id, nodeid, datelogged) VALUES (247, 47, '20230303232806');
INSERT INTO public.nodesensorlog (id, nodeid, datelogged) VALUES (248, 45, '20230303232842');
INSERT INTO public.nodesensorlog (id, nodeid, datelogged) VALUES (249, 44, '20230303233033');
INSERT INTO public.nodesensorlog (id, nodeid, datelogged) VALUES (250, 48, '20230303233133');
INSERT INTO public.nodesensorlog (id, nodeid, datelogged) VALUES (251, 46, '20230303233206');
INSERT INTO public.nodesensorlog (id, nodeid, datelogged) VALUES (252, 43, '20230303233244');
INSERT INTO public.nodesensorlog (id, nodeid, datelogged) VALUES (253, 47, '20230303233306');
INSERT INTO public.nodesensorlog (id, nodeid, datelogged) VALUES (254, 45, '20230303233342');
INSERT INTO public.nodesensorlog (id, nodeid, datelogged) VALUES (255, 44, '20230303233533');
INSERT INTO public.nodesensorlog (id, nodeid, datelogged) VALUES (256, 48, '20230303233633');
INSERT INTO public.nodesensorlog (id, nodeid, datelogged) VALUES (257, 46, '20230303233706');
INSERT INTO public.nodesensorlog (id, nodeid, datelogged) VALUES (258, 43, '20230303233744');
INSERT INTO public.nodesensorlog (id, nodeid, datelogged) VALUES (259, 47, '20230303233806');
INSERT INTO public.nodesensorlog (id, nodeid, datelogged) VALUES (260, 45, '20230303233842');
INSERT INTO public.nodesensorlog (id, nodeid, datelogged) VALUES (261, 44, '20230303234033');
INSERT INTO public.nodesensorlog (id, nodeid, datelogged) VALUES (262, 48, '20230303234133');
INSERT INTO public.nodesensorlog (id, nodeid, datelogged) VALUES (263, 46, '20230303234206');
INSERT INTO public.nodesensorlog (id, nodeid, datelogged) VALUES (264, 43, '20230303234244');
INSERT INTO public.nodesensorlog (id, nodeid, datelogged) VALUES (265, 47, '20230303234306');
INSERT INTO public.nodesensorlog (id, nodeid, datelogged) VALUES (266, 45, '20230303234342');
INSERT INTO public.nodesensorlog (id, nodeid, datelogged) VALUES (267, 44, '20230303234533');
INSERT INTO public.nodesensorlog (id, nodeid, datelogged) VALUES (268, 48, '20230303234633');
INSERT INTO public.nodesensorlog (id, nodeid, datelogged) VALUES (269, 46, '20230303234706');
INSERT INTO public.nodesensorlog (id, nodeid, datelogged) VALUES (270, 43, '20230303234744');
INSERT INTO public.nodesensorlog (id, nodeid, datelogged) VALUES (271, 47, '20230303234807');
INSERT INTO public.nodesensorlog (id, nodeid, datelogged) VALUES (272, 45, '20230303234842');
INSERT INTO public.nodesensorlog (id, nodeid, datelogged) VALUES (273, 44, '20230303235033');
INSERT INTO public.nodesensorlog (id, nodeid, datelogged) VALUES (274, 48, '20230303235133');
INSERT INTO public.nodesensorlog (id, nodeid, datelogged) VALUES (275, 46, '20230303235206');
INSERT INTO public.nodesensorlog (id, nodeid, datelogged) VALUES (276, 43, '20230303235244');
INSERT INTO public.nodesensorlog (id, nodeid, datelogged) VALUES (277, 47, '20230303235307');
INSERT INTO public.nodesensorlog (id, nodeid, datelogged) VALUES (278, 45, '20230303235342');
INSERT INTO public.nodesensorlog (id, nodeid, datelogged) VALUES (279, 44, '20230303235533');
INSERT INTO public.nodesensorlog (id, nodeid, datelogged) VALUES (280, 48, '20230303235633');
INSERT INTO public.nodesensorlog (id, nodeid, datelogged) VALUES (281, 46, '20230303235706');
INSERT INTO public.nodesensorlog (id, nodeid, datelogged) VALUES (282, 43, '20230303235744');
INSERT INTO public.nodesensorlog (id, nodeid, datelogged) VALUES (283, 47, '20230303235807');
INSERT INTO public.nodesensorlog (id, nodeid, datelogged) VALUES (284, 45, '20230303235842');
INSERT INTO public.nodesensorlog (id, nodeid, datelogged) VALUES (285, 44, '20230304000033');
INSERT INTO public.nodesensorlog (id, nodeid, datelogged) VALUES (286, 48, '20230304000133');
INSERT INTO public.nodesensorlog (id, nodeid, datelogged) VALUES (287, 46, '20230304000206');
INSERT INTO public.nodesensorlog (id, nodeid, datelogged) VALUES (288, 43, '20230304000244');
INSERT INTO public.nodesensorlog (id, nodeid, datelogged) VALUES (289, 47, '20230304000307');
INSERT INTO public.nodesensorlog (id, nodeid, datelogged) VALUES (290, 45, '20230304000343');
INSERT INTO public.nodesensorlog (id, nodeid, datelogged) VALUES (291, 44, '20230304000533');
INSERT INTO public.nodesensorlog (id, nodeid, datelogged) VALUES (292, 48, '20230304000633');
INSERT INTO public.nodesensorlog (id, nodeid, datelogged) VALUES (293, 46, '20230304000706');
INSERT INTO public.nodesensorlog (id, nodeid, datelogged) VALUES (294, 43, '20230304000744');
INSERT INTO public.nodesensorlog (id, nodeid, datelogged) VALUES (295, 47, '20230304000807');
INSERT INTO public.nodesensorlog (id, nodeid, datelogged) VALUES (296, 45, '20230304000843');
INSERT INTO public.nodesensorlog (id, nodeid, datelogged) VALUES (297, 44, '20230304001033');
INSERT INTO public.nodesensorlog (id, nodeid, datelogged) VALUES (298, 48, '20230304001133');
INSERT INTO public.nodesensorlog (id, nodeid, datelogged) VALUES (299, 46, '20230304001206');
INSERT INTO public.nodesensorlog (id, nodeid, datelogged) VALUES (300, 43, '20230304001244');
INSERT INTO public.nodesensorlog (id, nodeid, datelogged) VALUES (301, 47, '20230304001307');
INSERT INTO public.nodesensorlog (id, nodeid, datelogged) VALUES (302, 45, '20230304001343');
INSERT INTO public.nodesensorlog (id, nodeid, datelogged) VALUES (303, 44, '20230304001533');
INSERT INTO public.nodesensorlog (id, nodeid, datelogged) VALUES (304, 48, '20230304001633');
INSERT INTO public.nodesensorlog (id, nodeid, datelogged) VALUES (305, 46, '20230304001706');
INSERT INTO public.nodesensorlog (id, nodeid, datelogged) VALUES (306, 43, '20230304001745');
INSERT INTO public.nodesensorlog (id, nodeid, datelogged) VALUES (307, 47, '20230304001807');
INSERT INTO public.nodesensorlog (id, nodeid, datelogged) VALUES (308, 45, '20230304001843');
INSERT INTO public.nodesensorlog (id, nodeid, datelogged) VALUES (309, 44, '20230304002033');
INSERT INTO public.nodesensorlog (id, nodeid, datelogged) VALUES (310, 48, '20230304002133');
INSERT INTO public.nodesensorlog (id, nodeid, datelogged) VALUES (311, 46, '20230304002206');
INSERT INTO public.nodesensorlog (id, nodeid, datelogged) VALUES (312, 43, '20230304002244');
INSERT INTO public.nodesensorlog (id, nodeid, datelogged) VALUES (313, 47, '20230304002307');
INSERT INTO public.nodesensorlog (id, nodeid, datelogged) VALUES (314, 45, '20230304002343');
INSERT INTO public.nodesensorlog (id, nodeid, datelogged) VALUES (315, 44, '20230304002533');
INSERT INTO public.nodesensorlog (id, nodeid, datelogged) VALUES (316, 48, '20230304002633');
INSERT INTO public.nodesensorlog (id, nodeid, datelogged) VALUES (317, 46, '20230304002706');
INSERT INTO public.nodesensorlog (id, nodeid, datelogged) VALUES (318, 43, '20230304002744');
INSERT INTO public.nodesensorlog (id, nodeid, datelogged) VALUES (319, 47, '20230304002807');
INSERT INTO public.nodesensorlog (id, nodeid, datelogged) VALUES (320, 45, '20230304002843');
INSERT INTO public.nodesensorlog (id, nodeid, datelogged) VALUES (321, 44, '20230304003033');
INSERT INTO public.nodesensorlog (id, nodeid, datelogged) VALUES (322, 48, '20230304003133');
INSERT INTO public.nodesensorlog (id, nodeid, datelogged) VALUES (323, 46, '20230304003207');
INSERT INTO public.nodesensorlog (id, nodeid, datelogged) VALUES (324, 43, '20230304003244');
INSERT INTO public.nodesensorlog (id, nodeid, datelogged) VALUES (325, 47, '20230304003307');
INSERT INTO public.nodesensorlog (id, nodeid, datelogged) VALUES (326, 45, '20230304003343');
INSERT INTO public.nodesensorlog (id, nodeid, datelogged) VALUES (327, 44, '20230304003533');
INSERT INTO public.nodesensorlog (id, nodeid, datelogged) VALUES (328, 48, '20230304003633');
INSERT INTO public.nodesensorlog (id, nodeid, datelogged) VALUES (329, 46, '20230304003707');
INSERT INTO public.nodesensorlog (id, nodeid, datelogged) VALUES (330, 43, '20230304003745');
INSERT INTO public.nodesensorlog (id, nodeid, datelogged) VALUES (331, 47, '20230304003807');
INSERT INTO public.nodesensorlog (id, nodeid, datelogged) VALUES (332, 45, '20230304003843');
INSERT INTO public.nodesensorlog (id, nodeid, datelogged) VALUES (333, 44, '20230304004033');
INSERT INTO public.nodesensorlog (id, nodeid, datelogged) VALUES (334, 48, '20230304004133');
INSERT INTO public.nodesensorlog (id, nodeid, datelogged) VALUES (335, 46, '20230304004207');
INSERT INTO public.nodesensorlog (id, nodeid, datelogged) VALUES (336, 43, '20230304004245');
INSERT INTO public.nodesensorlog (id, nodeid, datelogged) VALUES (337, 47, '20230304004307');
INSERT INTO public.nodesensorlog (id, nodeid, datelogged) VALUES (338, 45, '20230304004343');
INSERT INTO public.nodesensorlog (id, nodeid, datelogged) VALUES (339, 44, '20230304004533');
INSERT INTO public.nodesensorlog (id, nodeid, datelogged) VALUES (340, 48, '20230304004633');
INSERT INTO public.nodesensorlog (id, nodeid, datelogged) VALUES (341, 46, '20230304004707');
INSERT INTO public.nodesensorlog (id, nodeid, datelogged) VALUES (342, 43, '20230304004745');
INSERT INTO public.nodesensorlog (id, nodeid, datelogged) VALUES (343, 47, '20230304004807');
INSERT INTO public.nodesensorlog (id, nodeid, datelogged) VALUES (344, 45, '20230304004843');
INSERT INTO public.nodesensorlog (id, nodeid, datelogged) VALUES (345, 44, '20230304005033');
INSERT INTO public.nodesensorlog (id, nodeid, datelogged) VALUES (346, 48, '20230304005134');
INSERT INTO public.nodesensorlog (id, nodeid, datelogged) VALUES (347, 46, '20230304005207');
INSERT INTO public.nodesensorlog (id, nodeid, datelogged) VALUES (348, 43, '20230304005245');
INSERT INTO public.nodesensorlog (id, nodeid, datelogged) VALUES (349, 47, '20230304005307');
INSERT INTO public.nodesensorlog (id, nodeid, datelogged) VALUES (350, 45, '20230304005343');
INSERT INTO public.nodesensorlog (id, nodeid, datelogged) VALUES (351, 44, '20230304005533');
INSERT INTO public.nodesensorlog (id, nodeid, datelogged) VALUES (352, 48, '20230304005634');
INSERT INTO public.nodesensorlog (id, nodeid, datelogged) VALUES (353, 46, '20230304005707');
INSERT INTO public.nodesensorlog (id, nodeid, datelogged) VALUES (354, 43, '20230304005745');
INSERT INTO public.nodesensorlog (id, nodeid, datelogged) VALUES (355, 47, '20230304005807');
INSERT INTO public.nodesensorlog (id, nodeid, datelogged) VALUES (356, 45, '20230304005843');
INSERT INTO public.nodesensorlog (id, nodeid, datelogged) VALUES (357, 44, '20230304010033');
INSERT INTO public.nodesensorlog (id, nodeid, datelogged) VALUES (358, 48, '20230304010134');
INSERT INTO public.nodesensorlog (id, nodeid, datelogged) VALUES (359, 46, '20230304010207');
INSERT INTO public.nodesensorlog (id, nodeid, datelogged) VALUES (360, 43, '20230304010245');
INSERT INTO public.nodesensorlog (id, nodeid, datelogged) VALUES (361, 47, '20230304010307');
INSERT INTO public.nodesensorlog (id, nodeid, datelogged) VALUES (362, 45, '20230304010343');
INSERT INTO public.nodesensorlog (id, nodeid, datelogged) VALUES (363, 44, '20230304010534');
INSERT INTO public.nodesensorlog (id, nodeid, datelogged) VALUES (364, 48, '20230304010634');
INSERT INTO public.nodesensorlog (id, nodeid, datelogged) VALUES (365, 46, '20230304010707');
INSERT INTO public.nodesensorlog (id, nodeid, datelogged) VALUES (366, 43, '20230304010745');
INSERT INTO public.nodesensorlog (id, nodeid, datelogged) VALUES (367, 47, '20230304010807');
INSERT INTO public.nodesensorlog (id, nodeid, datelogged) VALUES (368, 45, '20230304010843');
INSERT INTO public.nodesensorlog (id, nodeid, datelogged) VALUES (369, 44, '20230304011033');
INSERT INTO public.nodesensorlog (id, nodeid, datelogged) VALUES (370, 48, '20230304011134');
INSERT INTO public.nodesensorlog (id, nodeid, datelogged) VALUES (371, 46, '20230304011207');
INSERT INTO public.nodesensorlog (id, nodeid, datelogged) VALUES (372, 43, '20230304011245');
INSERT INTO public.nodesensorlog (id, nodeid, datelogged) VALUES (373, 47, '20230304011307');
INSERT INTO public.nodesensorlog (id, nodeid, datelogged) VALUES (374, 45, '20230304011343');
INSERT INTO public.nodesensorlog (id, nodeid, datelogged) VALUES (375, 44, '20230304011534');
INSERT INTO public.nodesensorlog (id, nodeid, datelogged) VALUES (376, 48, '20230304011634');
INSERT INTO public.nodesensorlog (id, nodeid, datelogged) VALUES (377, 46, '20230304011707');
INSERT INTO public.nodesensorlog (id, nodeid, datelogged) VALUES (378, 43, '20230304011745');
INSERT INTO public.nodesensorlog (id, nodeid, datelogged) VALUES (379, 47, '20230304011807');
INSERT INTO public.nodesensorlog (id, nodeid, datelogged) VALUES (380, 45, '20230304011843');
INSERT INTO public.nodesensorlog (id, nodeid, datelogged) VALUES (381, 44, '20230304012034');
INSERT INTO public.nodesensorlog (id, nodeid, datelogged) VALUES (382, 48, '20230304012134');
INSERT INTO public.nodesensorlog (id, nodeid, datelogged) VALUES (383, 46, '20230304012207');
INSERT INTO public.nodesensorlog (id, nodeid, datelogged) VALUES (384, 43, '20230304012245');
INSERT INTO public.nodesensorlog (id, nodeid, datelogged) VALUES (385, 47, '20230304012307');
INSERT INTO public.nodesensorlog (id, nodeid, datelogged) VALUES (386, 45, '20230304012343');
INSERT INTO public.nodesensorlog (id, nodeid, datelogged) VALUES (387, 44, '20230304012534');
INSERT INTO public.nodesensorlog (id, nodeid, datelogged) VALUES (388, 48, '20230304012634');
INSERT INTO public.nodesensorlog (id, nodeid, datelogged) VALUES (389, 46, '20230304012707');
INSERT INTO public.nodesensorlog (id, nodeid, datelogged) VALUES (390, 43, '20230304012745');
INSERT INTO public.nodesensorlog (id, nodeid, datelogged) VALUES (391, 47, '20230304012807');
INSERT INTO public.nodesensorlog (id, nodeid, datelogged) VALUES (392, 45, '20230304012843');
INSERT INTO public.nodesensorlog (id, nodeid, datelogged) VALUES (393, 44, '20230304013034');
INSERT INTO public.nodesensorlog (id, nodeid, datelogged) VALUES (394, 48, '20230304013134');
INSERT INTO public.nodesensorlog (id, nodeid, datelogged) VALUES (395, 46, '20230304013207');
INSERT INTO public.nodesensorlog (id, nodeid, datelogged) VALUES (396, 43, '20230304013245');
INSERT INTO public.nodesensorlog (id, nodeid, datelogged) VALUES (397, 47, '20230304013307');
INSERT INTO public.nodesensorlog (id, nodeid, datelogged) VALUES (398, 45, '20230304013343');
INSERT INTO public.nodesensorlog (id, nodeid, datelogged) VALUES (399, 44, '20230304013534');
INSERT INTO public.nodesensorlog (id, nodeid, datelogged) VALUES (400, 48, '20230304013634');
INSERT INTO public.nodesensorlog (id, nodeid, datelogged) VALUES (401, 46, '20230304013707');
INSERT INTO public.nodesensorlog (id, nodeid, datelogged) VALUES (402, 43, '20230304013745');
INSERT INTO public.nodesensorlog (id, nodeid, datelogged) VALUES (403, 47, '20230304013807');
INSERT INTO public.nodesensorlog (id, nodeid, datelogged) VALUES (404, 45, '20230304013843');
INSERT INTO public.nodesensorlog (id, nodeid, datelogged) VALUES (405, 44, '20230304014034');
INSERT INTO public.nodesensorlog (id, nodeid, datelogged) VALUES (406, 48, '20230304014134');
INSERT INTO public.nodesensorlog (id, nodeid, datelogged) VALUES (407, 46, '20230304014207');
INSERT INTO public.nodesensorlog (id, nodeid, datelogged) VALUES (408, 43, '20230304014245');
INSERT INTO public.nodesensorlog (id, nodeid, datelogged) VALUES (409, 47, '20230304014307');
INSERT INTO public.nodesensorlog (id, nodeid, datelogged) VALUES (410, 45, '20230304014343');
INSERT INTO public.nodesensorlog (id, nodeid, datelogged) VALUES (411, 44, '20230304014534');
INSERT INTO public.nodesensorlog (id, nodeid, datelogged) VALUES (412, 48, '20230304014634');
INSERT INTO public.nodesensorlog (id, nodeid, datelogged) VALUES (413, 46, '20230304014710');
INSERT INTO public.nodesensorlog (id, nodeid, datelogged) VALUES (414, 43, '20230304014745');
INSERT INTO public.nodesensorlog (id, nodeid, datelogged) VALUES (415, 47, '20230304014807');
INSERT INTO public.nodesensorlog (id, nodeid, datelogged) VALUES (416, 45, '20230304014843');
INSERT INTO public.nodesensorlog (id, nodeid, datelogged) VALUES (417, 44, '20230304015034');
INSERT INTO public.nodesensorlog (id, nodeid, datelogged) VALUES (418, 48, '20230304015134');
INSERT INTO public.nodesensorlog (id, nodeid, datelogged) VALUES (419, 46, '20230304015207');
INSERT INTO public.nodesensorlog (id, nodeid, datelogged) VALUES (420, 43, '20230304015245');
INSERT INTO public.nodesensorlog (id, nodeid, datelogged) VALUES (421, 47, '20230304015307');
INSERT INTO public.nodesensorlog (id, nodeid, datelogged) VALUES (422, 45, '20230304015343');
INSERT INTO public.nodesensorlog (id, nodeid, datelogged) VALUES (423, 44, '20230304015534');
INSERT INTO public.nodesensorlog (id, nodeid, datelogged) VALUES (424, 48, '20230304015634');
INSERT INTO public.nodesensorlog (id, nodeid, datelogged) VALUES (425, 46, '20230304015707');
INSERT INTO public.nodesensorlog (id, nodeid, datelogged) VALUES (426, 43, '20230304015745');
INSERT INTO public.nodesensorlog (id, nodeid, datelogged) VALUES (427, 47, '20230304015807');
INSERT INTO public.nodesensorlog (id, nodeid, datelogged) VALUES (428, 45, '20230304015843');
INSERT INTO public.nodesensorlog (id, nodeid, datelogged) VALUES (429, 44, '20230304020034');
INSERT INTO public.nodesensorlog (id, nodeid, datelogged) VALUES (430, 48, '20230304020134');
INSERT INTO public.nodesensorlog (id, nodeid, datelogged) VALUES (431, 46, '20230304020207');
INSERT INTO public.nodesensorlog (id, nodeid, datelogged) VALUES (432, 43, '20230304020245');
INSERT INTO public.nodesensorlog (id, nodeid, datelogged) VALUES (433, 47, '20230304020307');
INSERT INTO public.nodesensorlog (id, nodeid, datelogged) VALUES (434, 45, '20230304020343');
INSERT INTO public.nodesensorlog (id, nodeid, datelogged) VALUES (435, 44, '20230304020534');
INSERT INTO public.nodesensorlog (id, nodeid, datelogged) VALUES (436, 48, '20230304020634');
INSERT INTO public.nodesensorlog (id, nodeid, datelogged) VALUES (437, 46, '20230304020707');
INSERT INTO public.nodesensorlog (id, nodeid, datelogged) VALUES (438, 43, '20230304020745');
INSERT INTO public.nodesensorlog (id, nodeid, datelogged) VALUES (439, 47, '20230304020807');
INSERT INTO public.nodesensorlog (id, nodeid, datelogged) VALUES (440, 45, '20230304020843');
INSERT INTO public.nodesensorlog (id, nodeid, datelogged) VALUES (441, 44, '20230304021034');
INSERT INTO public.nodesensorlog (id, nodeid, datelogged) VALUES (442, 48, '20230304021134');
INSERT INTO public.nodesensorlog (id, nodeid, datelogged) VALUES (443, 46, '20230304021207');
INSERT INTO public.nodesensorlog (id, nodeid, datelogged) VALUES (444, 43, '20230304021245');
INSERT INTO public.nodesensorlog (id, nodeid, datelogged) VALUES (445, 47, '20230304021307');
INSERT INTO public.nodesensorlog (id, nodeid, datelogged) VALUES (446, 45, '20230304021343');
INSERT INTO public.nodesensorlog (id, nodeid, datelogged) VALUES (447, 44, '20230304021534');
INSERT INTO public.nodesensorlog (id, nodeid, datelogged) VALUES (448, 48, '20230304021634');
INSERT INTO public.nodesensorlog (id, nodeid, datelogged) VALUES (449, 46, '20230304021707');
INSERT INTO public.nodesensorlog (id, nodeid, datelogged) VALUES (450, 43, '20230304021745');
INSERT INTO public.nodesensorlog (id, nodeid, datelogged) VALUES (451, 47, '20230304021807');
INSERT INTO public.nodesensorlog (id, nodeid, datelogged) VALUES (452, 45, '20230304021843');
INSERT INTO public.nodesensorlog (id, nodeid, datelogged) VALUES (453, 44, '20230304022034');
INSERT INTO public.nodesensorlog (id, nodeid, datelogged) VALUES (454, 48, '20230304022134');
INSERT INTO public.nodesensorlog (id, nodeid, datelogged) VALUES (455, 46, '20230304022207');
INSERT INTO public.nodesensorlog (id, nodeid, datelogged) VALUES (456, 43, '20230304022245');
INSERT INTO public.nodesensorlog (id, nodeid, datelogged) VALUES (457, 47, '20230304022307');
INSERT INTO public.nodesensorlog (id, nodeid, datelogged) VALUES (458, 45, '20230304022343');
INSERT INTO public.nodesensorlog (id, nodeid, datelogged) VALUES (459, 44, '20230304022534');
INSERT INTO public.nodesensorlog (id, nodeid, datelogged) VALUES (460, 48, '20230304022634');
INSERT INTO public.nodesensorlog (id, nodeid, datelogged) VALUES (461, 46, '20230304022707');
INSERT INTO public.nodesensorlog (id, nodeid, datelogged) VALUES (462, 43, '20230304022745');
INSERT INTO public.nodesensorlog (id, nodeid, datelogged) VALUES (463, 47, '20230304022807');
INSERT INTO public.nodesensorlog (id, nodeid, datelogged) VALUES (464, 45, '20230304022846');
INSERT INTO public.nodesensorlog (id, nodeid, datelogged) VALUES (465, 44, '20230304023034');
INSERT INTO public.nodesensorlog (id, nodeid, datelogged) VALUES (466, 48, '20230304023134');
INSERT INTO public.nodesensorlog (id, nodeid, datelogged) VALUES (467, 46, '20230304023207');
INSERT INTO public.nodesensorlog (id, nodeid, datelogged) VALUES (468, 43, '20230304023245');
INSERT INTO public.nodesensorlog (id, nodeid, datelogged) VALUES (469, 47, '20230304023307');
INSERT INTO public.nodesensorlog (id, nodeid, datelogged) VALUES (470, 45, '20230304023343');
INSERT INTO public.nodesensorlog (id, nodeid, datelogged) VALUES (471, 44, '20230304023534');
INSERT INTO public.nodesensorlog (id, nodeid, datelogged) VALUES (472, 48, '20230304023634');
INSERT INTO public.nodesensorlog (id, nodeid, datelogged) VALUES (473, 46, '20230304023707');
INSERT INTO public.nodesensorlog (id, nodeid, datelogged) VALUES (474, 43, '20230304023745');
INSERT INTO public.nodesensorlog (id, nodeid, datelogged) VALUES (475, 47, '20230304023808');
INSERT INTO public.nodesensorlog (id, nodeid, datelogged) VALUES (476, 45, '20230304023843');
INSERT INTO public.nodesensorlog (id, nodeid, datelogged) VALUES (477, 44, '20230304024034');
INSERT INTO public.nodesensorlog (id, nodeid, datelogged) VALUES (478, 48, '20230304024134');
INSERT INTO public.nodesensorlog (id, nodeid, datelogged) VALUES (479, 46, '20230304024207');
INSERT INTO public.nodesensorlog (id, nodeid, datelogged) VALUES (480, 43, '20230304024245');
INSERT INTO public.nodesensorlog (id, nodeid, datelogged) VALUES (481, 47, '20230304024308');
INSERT INTO public.nodesensorlog (id, nodeid, datelogged) VALUES (482, 45, '20230304024344');
INSERT INTO public.nodesensorlog (id, nodeid, datelogged) VALUES (483, 44, '20230304024534');
INSERT INTO public.nodesensorlog (id, nodeid, datelogged) VALUES (484, 48, '20230304024634');
INSERT INTO public.nodesensorlog (id, nodeid, datelogged) VALUES (485, 46, '20230304024707');
INSERT INTO public.nodesensorlog (id, nodeid, datelogged) VALUES (486, 43, '20230304024745');
INSERT INTO public.nodesensorlog (id, nodeid, datelogged) VALUES (487, 47, '20230304024808');
INSERT INTO public.nodesensorlog (id, nodeid, datelogged) VALUES (488, 45, '20230304024844');
INSERT INTO public.nodesensorlog (id, nodeid, datelogged) VALUES (489, 44, '20230304025034');
INSERT INTO public.nodesensorlog (id, nodeid, datelogged) VALUES (490, 48, '20230304025134');
INSERT INTO public.nodesensorlog (id, nodeid, datelogged) VALUES (491, 46, '20230304025208');
INSERT INTO public.nodesensorlog (id, nodeid, datelogged) VALUES (492, 43, '20230304025245');
INSERT INTO public.nodesensorlog (id, nodeid, datelogged) VALUES (493, 47, '20230304025308');
INSERT INTO public.nodesensorlog (id, nodeid, datelogged) VALUES (494, 45, '20230304025344');
INSERT INTO public.nodesensorlog (id, nodeid, datelogged) VALUES (495, 44, '20230304025534');
INSERT INTO public.nodesensorlog (id, nodeid, datelogged) VALUES (496, 48, '20230304025634');
INSERT INTO public.nodesensorlog (id, nodeid, datelogged) VALUES (497, 46, '20230304025708');
INSERT INTO public.nodesensorlog (id, nodeid, datelogged) VALUES (498, 43, '20230304025745');
INSERT INTO public.nodesensorlog (id, nodeid, datelogged) VALUES (499, 47, '20230304025808');
INSERT INTO public.nodesensorlog (id, nodeid, datelogged) VALUES (500, 45, '20230304025844');
INSERT INTO public.nodesensorlog (id, nodeid, datelogged) VALUES (501, 44, '20230304030034');
INSERT INTO public.nodesensorlog (id, nodeid, datelogged) VALUES (502, 48, '20230304030134');
INSERT INTO public.nodesensorlog (id, nodeid, datelogged) VALUES (503, 46, '20230304030208');
INSERT INTO public.nodesensorlog (id, nodeid, datelogged) VALUES (504, 43, '20230304030245');
INSERT INTO public.nodesensorlog (id, nodeid, datelogged) VALUES (505, 47, '20230304030308');
INSERT INTO public.nodesensorlog (id, nodeid, datelogged) VALUES (506, 45, '20230304030344');
INSERT INTO public.nodesensorlog (id, nodeid, datelogged) VALUES (507, 44, '20230304030534');
INSERT INTO public.nodesensorlog (id, nodeid, datelogged) VALUES (508, 48, '20230304030634');
INSERT INTO public.nodesensorlog (id, nodeid, datelogged) VALUES (509, 46, '20230304030708');
INSERT INTO public.nodesensorlog (id, nodeid, datelogged) VALUES (510, 43, '20230304030745');
INSERT INTO public.nodesensorlog (id, nodeid, datelogged) VALUES (511, 47, '20230304030808');
INSERT INTO public.nodesensorlog (id, nodeid, datelogged) VALUES (512, 45, '20230304030844');
INSERT INTO public.nodesensorlog (id, nodeid, datelogged) VALUES (513, 44, '20230304031034');
INSERT INTO public.nodesensorlog (id, nodeid, datelogged) VALUES (514, 48, '20230304031134');
INSERT INTO public.nodesensorlog (id, nodeid, datelogged) VALUES (515, 46, '20230304031208');
INSERT INTO public.nodesensorlog (id, nodeid, datelogged) VALUES (516, 43, '20230304031245');
INSERT INTO public.nodesensorlog (id, nodeid, datelogged) VALUES (517, 47, '20230304031308');
INSERT INTO public.nodesensorlog (id, nodeid, datelogged) VALUES (518, 45, '20230304031344');
INSERT INTO public.nodesensorlog (id, nodeid, datelogged) VALUES (519, 44, '20230304031534');
INSERT INTO public.nodesensorlog (id, nodeid, datelogged) VALUES (520, 48, '20230304031634');
INSERT INTO public.nodesensorlog (id, nodeid, datelogged) VALUES (521, 46, '20230304031708');
INSERT INTO public.nodesensorlog (id, nodeid, datelogged) VALUES (522, 43, '20230304031745');
INSERT INTO public.nodesensorlog (id, nodeid, datelogged) VALUES (523, 47, '20230304031808');
INSERT INTO public.nodesensorlog (id, nodeid, datelogged) VALUES (524, 45, '20230304031844');
INSERT INTO public.nodesensorlog (id, nodeid, datelogged) VALUES (525, 44, '20230304032034');
INSERT INTO public.nodesensorlog (id, nodeid, datelogged) VALUES (526, 48, '20230304032134');
INSERT INTO public.nodesensorlog (id, nodeid, datelogged) VALUES (527, 46, '20230304032208');
INSERT INTO public.nodesensorlog (id, nodeid, datelogged) VALUES (528, 43, '20230304032245');
INSERT INTO public.nodesensorlog (id, nodeid, datelogged) VALUES (529, 47, '20230304032308');
INSERT INTO public.nodesensorlog (id, nodeid, datelogged) VALUES (530, 45, '20230304032344');
INSERT INTO public.nodesensorlog (id, nodeid, datelogged) VALUES (531, 44, '20230304032534');
INSERT INTO public.nodesensorlog (id, nodeid, datelogged) VALUES (532, 48, '20230304032635');
INSERT INTO public.nodesensorlog (id, nodeid, datelogged) VALUES (533, 46, '20230304032708');
INSERT INTO public.nodesensorlog (id, nodeid, datelogged) VALUES (534, 43, '20230304032745');
INSERT INTO public.nodesensorlog (id, nodeid, datelogged) VALUES (535, 47, '20230304032808');
INSERT INTO public.nodesensorlog (id, nodeid, datelogged) VALUES (536, 45, '20230304032844');
INSERT INTO public.nodesensorlog (id, nodeid, datelogged) VALUES (537, 44, '20230304033034');
INSERT INTO public.nodesensorlog (id, nodeid, datelogged) VALUES (538, 48, '20230304033135');
INSERT INTO public.nodesensorlog (id, nodeid, datelogged) VALUES (539, 46, '20230304033208');
INSERT INTO public.nodesensorlog (id, nodeid, datelogged) VALUES (540, 43, '20230304033245');
INSERT INTO public.nodesensorlog (id, nodeid, datelogged) VALUES (541, 47, '20230304033308');
INSERT INTO public.nodesensorlog (id, nodeid, datelogged) VALUES (542, 45, '20230304033344');
INSERT INTO public.nodesensorlog (id, nodeid, datelogged) VALUES (543, 44, '20230304033535');
INSERT INTO public.nodesensorlog (id, nodeid, datelogged) VALUES (544, 48, '20230304033635');
INSERT INTO public.nodesensorlog (id, nodeid, datelogged) VALUES (545, 46, '20230304033708');
INSERT INTO public.nodesensorlog (id, nodeid, datelogged) VALUES (546, 43, '20230304033745');
INSERT INTO public.nodesensorlog (id, nodeid, datelogged) VALUES (547, 47, '20230304033808');
INSERT INTO public.nodesensorlog (id, nodeid, datelogged) VALUES (548, 45, '20230304033844');
INSERT INTO public.nodesensorlog (id, nodeid, datelogged) VALUES (549, 44, '20230304034035');
INSERT INTO public.nodesensorlog (id, nodeid, datelogged) VALUES (550, 48, '20230304034135');
INSERT INTO public.nodesensorlog (id, nodeid, datelogged) VALUES (551, 46, '20230304034208');
INSERT INTO public.nodesensorlog (id, nodeid, datelogged) VALUES (552, 43, '20230304034245');
INSERT INTO public.nodesensorlog (id, nodeid, datelogged) VALUES (553, 47, '20230304034308');
INSERT INTO public.nodesensorlog (id, nodeid, datelogged) VALUES (554, 45, '20230304034344');
INSERT INTO public.nodesensorlog (id, nodeid, datelogged) VALUES (555, 44, '20230304034535');
INSERT INTO public.nodesensorlog (id, nodeid, datelogged) VALUES (556, 48, '20230304034635');
INSERT INTO public.nodesensorlog (id, nodeid, datelogged) VALUES (557, 46, '20230304034708');
INSERT INTO public.nodesensorlog (id, nodeid, datelogged) VALUES (558, 43, '20230304034745');
INSERT INTO public.nodesensorlog (id, nodeid, datelogged) VALUES (559, 47, '20230304034808');
INSERT INTO public.nodesensorlog (id, nodeid, datelogged) VALUES (560, 45, '20230304034844');
INSERT INTO public.nodesensorlog (id, nodeid, datelogged) VALUES (561, 44, '20230304035035');
INSERT INTO public.nodesensorlog (id, nodeid, datelogged) VALUES (562, 48, '20230304035135');
INSERT INTO public.nodesensorlog (id, nodeid, datelogged) VALUES (563, 46, '20230304035208');
INSERT INTO public.nodesensorlog (id, nodeid, datelogged) VALUES (564, 43, '20230304035245');
INSERT INTO public.nodesensorlog (id, nodeid, datelogged) VALUES (565, 47, '20230304035308');
INSERT INTO public.nodesensorlog (id, nodeid, datelogged) VALUES (566, 45, '20230304035344');
INSERT INTO public.nodesensorlog (id, nodeid, datelogged) VALUES (567, 44, '20230304035535');
INSERT INTO public.nodesensorlog (id, nodeid, datelogged) VALUES (568, 48, '20230304035635');
INSERT INTO public.nodesensorlog (id, nodeid, datelogged) VALUES (569, 46, '20230304035708');
INSERT INTO public.nodesensorlog (id, nodeid, datelogged) VALUES (570, 43, '20230304035745');
INSERT INTO public.nodesensorlog (id, nodeid, datelogged) VALUES (571, 47, '20230304035808');
INSERT INTO public.nodesensorlog (id, nodeid, datelogged) VALUES (572, 45, '20230304035844');
INSERT INTO public.nodesensorlog (id, nodeid, datelogged) VALUES (573, 44, '20230304040035');
INSERT INTO public.nodesensorlog (id, nodeid, datelogged) VALUES (574, 48, '20230304040135');
INSERT INTO public.nodesensorlog (id, nodeid, datelogged) VALUES (575, 46, '20230304040208');
INSERT INTO public.nodesensorlog (id, nodeid, datelogged) VALUES (576, 43, '20230304040248');
INSERT INTO public.nodesensorlog (id, nodeid, datelogged) VALUES (577, 47, '20230304040308');
INSERT INTO public.nodesensorlog (id, nodeid, datelogged) VALUES (578, 45, '20230304040344');
INSERT INTO public.nodesensorlog (id, nodeid, datelogged) VALUES (579, 44, '20230304040535');
INSERT INTO public.nodesensorlog (id, nodeid, datelogged) VALUES (580, 48, '20230304040635');
INSERT INTO public.nodesensorlog (id, nodeid, datelogged) VALUES (581, 46, '20230304040708');
INSERT INTO public.nodesensorlog (id, nodeid, datelogged) VALUES (582, 43, '20230304040745');
INSERT INTO public.nodesensorlog (id, nodeid, datelogged) VALUES (583, 47, '20230304040808');
INSERT INTO public.nodesensorlog (id, nodeid, datelogged) VALUES (584, 45, '20230304040844');
INSERT INTO public.nodesensorlog (id, nodeid, datelogged) VALUES (585, 44, '20230304041035');
INSERT INTO public.nodesensorlog (id, nodeid, datelogged) VALUES (586, 48, '20230304041135');
INSERT INTO public.nodesensorlog (id, nodeid, datelogged) VALUES (587, 46, '20230304041208');
INSERT INTO public.nodesensorlog (id, nodeid, datelogged) VALUES (588, 43, '20230304041245');
INSERT INTO public.nodesensorlog (id, nodeid, datelogged) VALUES (589, 47, '20230304041308');
INSERT INTO public.nodesensorlog (id, nodeid, datelogged) VALUES (590, 45, '20230304041344');
INSERT INTO public.nodesensorlog (id, nodeid, datelogged) VALUES (591, 44, '20230304041535');
INSERT INTO public.nodesensorlog (id, nodeid, datelogged) VALUES (592, 48, '20230304041635');
INSERT INTO public.nodesensorlog (id, nodeid, datelogged) VALUES (593, 46, '20230304041708');
INSERT INTO public.nodesensorlog (id, nodeid, datelogged) VALUES (594, 43, '20230304041745');
INSERT INTO public.nodesensorlog (id, nodeid, datelogged) VALUES (595, 47, '20230304041808');
INSERT INTO public.nodesensorlog (id, nodeid, datelogged) VALUES (596, 45, '20230304041844');
INSERT INTO public.nodesensorlog (id, nodeid, datelogged) VALUES (597, 44, '20230304042035');
INSERT INTO public.nodesensorlog (id, nodeid, datelogged) VALUES (598, 48, '20230304042135');
INSERT INTO public.nodesensorlog (id, nodeid, datelogged) VALUES (599, 46, '20230304042208');
INSERT INTO public.nodesensorlog (id, nodeid, datelogged) VALUES (600, 43, '20230304042245');
INSERT INTO public.nodesensorlog (id, nodeid, datelogged) VALUES (601, 47, '20230304042308');
INSERT INTO public.nodesensorlog (id, nodeid, datelogged) VALUES (602, 45, '20230304042344');
INSERT INTO public.nodesensorlog (id, nodeid, datelogged) VALUES (603, 44, '20230304042535');
INSERT INTO public.nodesensorlog (id, nodeid, datelogged) VALUES (604, 48, '20230304042635');
INSERT INTO public.nodesensorlog (id, nodeid, datelogged) VALUES (605, 46, '20230304042708');
INSERT INTO public.nodesensorlog (id, nodeid, datelogged) VALUES (606, 43, '20230304042745');
INSERT INTO public.nodesensorlog (id, nodeid, datelogged) VALUES (607, 47, '20230304042808');
INSERT INTO public.nodesensorlog (id, nodeid, datelogged) VALUES (608, 45, '20230304042844');
INSERT INTO public.nodesensorlog (id, nodeid, datelogged) VALUES (609, 44, '20230304043035');
INSERT INTO public.nodesensorlog (id, nodeid, datelogged) VALUES (610, 48, '20230304043135');
INSERT INTO public.nodesensorlog (id, nodeid, datelogged) VALUES (611, 46, '20230304043208');
INSERT INTO public.nodesensorlog (id, nodeid, datelogged) VALUES (612, 43, '20230304043245');
INSERT INTO public.nodesensorlog (id, nodeid, datelogged) VALUES (613, 47, '20230304043308');
INSERT INTO public.nodesensorlog (id, nodeid, datelogged) VALUES (614, 45, '20230304043344');
INSERT INTO public.nodesensorlog (id, nodeid, datelogged) VALUES (615, 44, '20230304043535');
INSERT INTO public.nodesensorlog (id, nodeid, datelogged) VALUES (616, 48, '20230304043635');
INSERT INTO public.nodesensorlog (id, nodeid, datelogged) VALUES (617, 46, '20230304043708');
INSERT INTO public.nodesensorlog (id, nodeid, datelogged) VALUES (618, 43, '20230304043745');
INSERT INTO public.nodesensorlog (id, nodeid, datelogged) VALUES (619, 47, '20230304043808');
INSERT INTO public.nodesensorlog (id, nodeid, datelogged) VALUES (620, 45, '20230304043844');
INSERT INTO public.nodesensorlog (id, nodeid, datelogged) VALUES (621, 44, '20230304044038');
INSERT INTO public.nodesensorlog (id, nodeid, datelogged) VALUES (622, 48, '20230304044135');
INSERT INTO public.nodesensorlog (id, nodeid, datelogged) VALUES (623, 46, '20230304044208');
INSERT INTO public.nodesensorlog (id, nodeid, datelogged) VALUES (624, 43, '20230304044245');
INSERT INTO public.nodesensorlog (id, nodeid, datelogged) VALUES (625, 47, '20230304044308');
INSERT INTO public.nodesensorlog (id, nodeid, datelogged) VALUES (626, 45, '20230304044344');
INSERT INTO public.nodesensorlog (id, nodeid, datelogged) VALUES (627, 44, '20230304044535');
INSERT INTO public.nodesensorlog (id, nodeid, datelogged) VALUES (628, 48, '20230304044635');
INSERT INTO public.nodesensorlog (id, nodeid, datelogged) VALUES (629, 46, '20230304044708');
INSERT INTO public.nodesensorlog (id, nodeid, datelogged) VALUES (630, 43, '20230304044745');
INSERT INTO public.nodesensorlog (id, nodeid, datelogged) VALUES (631, 47, '20230304044808');
INSERT INTO public.nodesensorlog (id, nodeid, datelogged) VALUES (632, 45, '20230304044844');
INSERT INTO public.nodesensorlog (id, nodeid, datelogged) VALUES (633, 44, '20230304045035');
INSERT INTO public.nodesensorlog (id, nodeid, datelogged) VALUES (634, 48, '20230304045135');
INSERT INTO public.nodesensorlog (id, nodeid, datelogged) VALUES (635, 46, '20230304045208');
INSERT INTO public.nodesensorlog (id, nodeid, datelogged) VALUES (636, 43, '20230304045246');
INSERT INTO public.nodesensorlog (id, nodeid, datelogged) VALUES (637, 47, '20230304045308');
INSERT INTO public.nodesensorlog (id, nodeid, datelogged) VALUES (638, 45, '20230304045344');
INSERT INTO public.nodesensorlog (id, nodeid, datelogged) VALUES (639, 44, '20230304045535');
INSERT INTO public.nodesensorlog (id, nodeid, datelogged) VALUES (640, 48, '20230304045635');
INSERT INTO public.nodesensorlog (id, nodeid, datelogged) VALUES (641, 46, '20230304045709');
INSERT INTO public.nodesensorlog (id, nodeid, datelogged) VALUES (642, 43, '20230304045746');
INSERT INTO public.nodesensorlog (id, nodeid, datelogged) VALUES (643, 47, '20230304045808');
INSERT INTO public.nodesensorlog (id, nodeid, datelogged) VALUES (644, 45, '20230304045844');
INSERT INTO public.nodesensorlog (id, nodeid, datelogged) VALUES (645, 44, '20230304050035');
INSERT INTO public.nodesensorlog (id, nodeid, datelogged) VALUES (646, 48, '20230304050135');
INSERT INTO public.nodesensorlog (id, nodeid, datelogged) VALUES (647, 46, '20230304050209');
INSERT INTO public.nodesensorlog (id, nodeid, datelogged) VALUES (648, 43, '20230304050246');
INSERT INTO public.nodesensorlog (id, nodeid, datelogged) VALUES (649, 47, '20230304050308');
INSERT INTO public.nodesensorlog (id, nodeid, datelogged) VALUES (650, 45, '20230304050345');
INSERT INTO public.nodesensorlog (id, nodeid, datelogged) VALUES (651, 44, '20230304050535');
INSERT INTO public.nodesensorlog (id, nodeid, datelogged) VALUES (652, 48, '20230304050635');
INSERT INTO public.nodesensorlog (id, nodeid, datelogged) VALUES (653, 46, '20230304050709');
INSERT INTO public.nodesensorlog (id, nodeid, datelogged) VALUES (654, 43, '20230304050746');
INSERT INTO public.nodesensorlog (id, nodeid, datelogged) VALUES (655, 47, '20230304050811');
INSERT INTO public.nodesensorlog (id, nodeid, datelogged) VALUES (656, 45, '20230304050845');
INSERT INTO public.nodesensorlog (id, nodeid, datelogged) VALUES (657, 44, '20230304051035');
INSERT INTO public.nodesensorlog (id, nodeid, datelogged) VALUES (658, 48, '20230304051135');
INSERT INTO public.nodesensorlog (id, nodeid, datelogged) VALUES (659, 46, '20230304051209');
INSERT INTO public.nodesensorlog (id, nodeid, datelogged) VALUES (660, 43, '20230304051246');
INSERT INTO public.nodesensorlog (id, nodeid, datelogged) VALUES (661, 47, '20230304051308');
INSERT INTO public.nodesensorlog (id, nodeid, datelogged) VALUES (662, 45, '20230304051345');
INSERT INTO public.nodesensorlog (id, nodeid, datelogged) VALUES (663, 44, '20230304051535');
INSERT INTO public.nodesensorlog (id, nodeid, datelogged) VALUES (664, 48, '20230304051635');
INSERT INTO public.nodesensorlog (id, nodeid, datelogged) VALUES (665, 46, '20230304051709');
INSERT INTO public.nodesensorlog (id, nodeid, datelogged) VALUES (666, 43, '20230304051746');
INSERT INTO public.nodesensorlog (id, nodeid, datelogged) VALUES (667, 47, '20230304051808');
INSERT INTO public.nodesensorlog (id, nodeid, datelogged) VALUES (668, 45, '20230304051845');
INSERT INTO public.nodesensorlog (id, nodeid, datelogged) VALUES (669, 44, '20230304052035');
INSERT INTO public.nodesensorlog (id, nodeid, datelogged) VALUES (670, 48, '20230304052135');
INSERT INTO public.nodesensorlog (id, nodeid, datelogged) VALUES (671, 46, '20230304052209');
INSERT INTO public.nodesensorlog (id, nodeid, datelogged) VALUES (672, 43, '20230304052246');
INSERT INTO public.nodesensorlog (id, nodeid, datelogged) VALUES (673, 47, '20230304052309');
INSERT INTO public.nodesensorlog (id, nodeid, datelogged) VALUES (674, 45, '20230304052345');
INSERT INTO public.nodesensorlog (id, nodeid, datelogged) VALUES (675, 44, '20230304052535');
INSERT INTO public.nodesensorlog (id, nodeid, datelogged) VALUES (676, 48, '20230304052635');
INSERT INTO public.nodesensorlog (id, nodeid, datelogged) VALUES (677, 46, '20230304052709');
INSERT INTO public.nodesensorlog (id, nodeid, datelogged) VALUES (678, 43, '20230304052746');
INSERT INTO public.nodesensorlog (id, nodeid, datelogged) VALUES (679, 47, '20230304052809');
INSERT INTO public.nodesensorlog (id, nodeid, datelogged) VALUES (680, 45, '20230304052845');
INSERT INTO public.nodesensorlog (id, nodeid, datelogged) VALUES (681, 44, '20230304053035');
INSERT INTO public.nodesensorlog (id, nodeid, datelogged) VALUES (682, 48, '20230304053135');
INSERT INTO public.nodesensorlog (id, nodeid, datelogged) VALUES (683, 46, '20230304053209');
INSERT INTO public.nodesensorlog (id, nodeid, datelogged) VALUES (684, 43, '20230304053246');
INSERT INTO public.nodesensorlog (id, nodeid, datelogged) VALUES (685, 47, '20230304053309');
INSERT INTO public.nodesensorlog (id, nodeid, datelogged) VALUES (686, 45, '20230304053345');
INSERT INTO public.nodesensorlog (id, nodeid, datelogged) VALUES (687, 44, '20230304053535');
INSERT INTO public.nodesensorlog (id, nodeid, datelogged) VALUES (688, 48, '20230304053635');
INSERT INTO public.nodesensorlog (id, nodeid, datelogged) VALUES (689, 46, '20230304053709');
INSERT INTO public.nodesensorlog (id, nodeid, datelogged) VALUES (690, 43, '20230304053746');
INSERT INTO public.nodesensorlog (id, nodeid, datelogged) VALUES (691, 47, '20230304053809');
INSERT INTO public.nodesensorlog (id, nodeid, datelogged) VALUES (692, 45, '20230304053845');
INSERT INTO public.nodesensorlog (id, nodeid, datelogged) VALUES (693, 44, '20230304054035');
INSERT INTO public.nodesensorlog (id, nodeid, datelogged) VALUES (694, 48, '20230304054135');
INSERT INTO public.nodesensorlog (id, nodeid, datelogged) VALUES (695, 46, '20230304054209');
INSERT INTO public.nodesensorlog (id, nodeid, datelogged) VALUES (696, 43, '20230304054246');
INSERT INTO public.nodesensorlog (id, nodeid, datelogged) VALUES (697, 47, '20230304054309');
INSERT INTO public.nodesensorlog (id, nodeid, datelogged) VALUES (698, 45, '20230304054345');
INSERT INTO public.nodesensorlog (id, nodeid, datelogged) VALUES (699, 44, '20230304054535');
INSERT INTO public.nodesensorlog (id, nodeid, datelogged) VALUES (700, 48, '20230304054635');
INSERT INTO public.nodesensorlog (id, nodeid, datelogged) VALUES (701, 46, '20230304054709');
INSERT INTO public.nodesensorlog (id, nodeid, datelogged) VALUES (702, 43, '20230304054746');
INSERT INTO public.nodesensorlog (id, nodeid, datelogged) VALUES (703, 47, '20230304054809');
INSERT INTO public.nodesensorlog (id, nodeid, datelogged) VALUES (704, 45, '20230304054845');
INSERT INTO public.nodesensorlog (id, nodeid, datelogged) VALUES (705, 44, '20230304055035');
INSERT INTO public.nodesensorlog (id, nodeid, datelogged) VALUES (706, 48, '20230304055135');
INSERT INTO public.nodesensorlog (id, nodeid, datelogged) VALUES (707, 46, '20230304055209');
INSERT INTO public.nodesensorlog (id, nodeid, datelogged) VALUES (708, 43, '20230304055246');
INSERT INTO public.nodesensorlog (id, nodeid, datelogged) VALUES (709, 47, '20230304055309');
INSERT INTO public.nodesensorlog (id, nodeid, datelogged) VALUES (710, 45, '20230304055345');
INSERT INTO public.nodesensorlog (id, nodeid, datelogged) VALUES (711, 44, '20230304055535');
INSERT INTO public.nodesensorlog (id, nodeid, datelogged) VALUES (712, 48, '20230304055635');
INSERT INTO public.nodesensorlog (id, nodeid, datelogged) VALUES (713, 46, '20230304055709');
INSERT INTO public.nodesensorlog (id, nodeid, datelogged) VALUES (714, 43, '20230304055746');
INSERT INTO public.nodesensorlog (id, nodeid, datelogged) VALUES (715, 47, '20230304055809');
INSERT INTO public.nodesensorlog (id, nodeid, datelogged) VALUES (716, 45, '20230304055845');
INSERT INTO public.nodesensorlog (id, nodeid, datelogged) VALUES (717, 44, '20230304060035');
INSERT INTO public.nodesensorlog (id, nodeid, datelogged) VALUES (718, 48, '20230304060136');
INSERT INTO public.nodesensorlog (id, nodeid, datelogged) VALUES (719, 46, '20230304060209');
INSERT INTO public.nodesensorlog (id, nodeid, datelogged) VALUES (720, 43, '20230304060246');
INSERT INTO public.nodesensorlog (id, nodeid, datelogged) VALUES (721, 47, '20230304060309');
INSERT INTO public.nodesensorlog (id, nodeid, datelogged) VALUES (722, 45, '20230304060345');
INSERT INTO public.nodesensorlog (id, nodeid, datelogged) VALUES (723, 44, '20230304060536');
INSERT INTO public.nodesensorlog (id, nodeid, datelogged) VALUES (724, 48, '20230304060636');
INSERT INTO public.nodesensorlog (id, nodeid, datelogged) VALUES (725, 46, '20230304060709');
INSERT INTO public.nodesensorlog (id, nodeid, datelogged) VALUES (726, 43, '20230304060746');
INSERT INTO public.nodesensorlog (id, nodeid, datelogged) VALUES (727, 47, '20230304060809');
INSERT INTO public.nodesensorlog (id, nodeid, datelogged) VALUES (728, 45, '20230304060845');
INSERT INTO public.nodesensorlog (id, nodeid, datelogged) VALUES (729, 44, '20230304061036');
INSERT INTO public.nodesensorlog (id, nodeid, datelogged) VALUES (730, 48, '20230304061136');
INSERT INTO public.nodesensorlog (id, nodeid, datelogged) VALUES (731, 46, '20230304061209');
INSERT INTO public.nodesensorlog (id, nodeid, datelogged) VALUES (732, 43, '20230304061246');
INSERT INTO public.nodesensorlog (id, nodeid, datelogged) VALUES (733, 47, '20230304061309');
INSERT INTO public.nodesensorlog (id, nodeid, datelogged) VALUES (734, 45, '20230304061345');
INSERT INTO public.nodesensorlog (id, nodeid, datelogged) VALUES (735, 44, '20230304061535');
INSERT INTO public.nodesensorlog (id, nodeid, datelogged) VALUES (736, 48, '20230304061636');
INSERT INTO public.nodesensorlog (id, nodeid, datelogged) VALUES (737, 46, '20230304061709');
INSERT INTO public.nodesensorlog (id, nodeid, datelogged) VALUES (738, 43, '20230304061746');
INSERT INTO public.nodesensorlog (id, nodeid, datelogged) VALUES (739, 47, '20230304061809');
INSERT INTO public.nodesensorlog (id, nodeid, datelogged) VALUES (740, 45, '20230304061845');
INSERT INTO public.nodesensorlog (id, nodeid, datelogged) VALUES (741, 44, '20230304062036');
INSERT INTO public.nodesensorlog (id, nodeid, datelogged) VALUES (742, 48, '20230304062136');
INSERT INTO public.nodesensorlog (id, nodeid, datelogged) VALUES (743, 46, '20230304062209');
INSERT INTO public.nodesensorlog (id, nodeid, datelogged) VALUES (744, 43, '20230304062246');
INSERT INTO public.nodesensorlog (id, nodeid, datelogged) VALUES (745, 47, '20230304062309');
INSERT INTO public.nodesensorlog (id, nodeid, datelogged) VALUES (746, 45, '20230304062345');
INSERT INTO public.nodesensorlog (id, nodeid, datelogged) VALUES (747, 44, '20230304062536');
INSERT INTO public.nodesensorlog (id, nodeid, datelogged) VALUES (748, 48, '20230304062636');
INSERT INTO public.nodesensorlog (id, nodeid, datelogged) VALUES (749, 46, '20230304062709');
INSERT INTO public.nodesensorlog (id, nodeid, datelogged) VALUES (750, 43, '20230304062746');
INSERT INTO public.nodesensorlog (id, nodeid, datelogged) VALUES (751, 47, '20230304062809');
INSERT INTO public.nodesensorlog (id, nodeid, datelogged) VALUES (752, 45, '20230304062845');
INSERT INTO public.nodesensorlog (id, nodeid, datelogged) VALUES (753, 44, '20230304063036');
INSERT INTO public.nodesensorlog (id, nodeid, datelogged) VALUES (754, 48, '20230304063136');
INSERT INTO public.nodesensorlog (id, nodeid, datelogged) VALUES (755, 46, '20230304063209');
INSERT INTO public.nodesensorlog (id, nodeid, datelogged) VALUES (756, 43, '20230304063246');
INSERT INTO public.nodesensorlog (id, nodeid, datelogged) VALUES (757, 47, '20230304063309');
INSERT INTO public.nodesensorlog (id, nodeid, datelogged) VALUES (758, 45, '20230304063345');
INSERT INTO public.nodesensorlog (id, nodeid, datelogged) VALUES (759, 44, '20230304063536');
INSERT INTO public.nodesensorlog (id, nodeid, datelogged) VALUES (760, 48, '20230304063636');
INSERT INTO public.nodesensorlog (id, nodeid, datelogged) VALUES (761, 46, '20230304063709');
INSERT INTO public.nodesensorlog (id, nodeid, datelogged) VALUES (762, 43, '20230304063746');
INSERT INTO public.nodesensorlog (id, nodeid, datelogged) VALUES (763, 47, '20230304063809');
INSERT INTO public.nodesensorlog (id, nodeid, datelogged) VALUES (764, 45, '20230304063845');
INSERT INTO public.nodesensorlog (id, nodeid, datelogged) VALUES (765, 44, '20230304064036');
INSERT INTO public.nodesensorlog (id, nodeid, datelogged) VALUES (766, 48, '20230304064136');
INSERT INTO public.nodesensorlog (id, nodeid, datelogged) VALUES (767, 46, '20230304064209');
INSERT INTO public.nodesensorlog (id, nodeid, datelogged) VALUES (768, 43, '20230304064246');
INSERT INTO public.nodesensorlog (id, nodeid, datelogged) VALUES (769, 47, '20230304064309');
INSERT INTO public.nodesensorlog (id, nodeid, datelogged) VALUES (770, 45, '20230304064345');
INSERT INTO public.nodesensorlog (id, nodeid, datelogged) VALUES (771, 44, '20230304064536');
INSERT INTO public.nodesensorlog (id, nodeid, datelogged) VALUES (772, 48, '20230304064636');
INSERT INTO public.nodesensorlog (id, nodeid, datelogged) VALUES (773, 46, '20230304064709');
INSERT INTO public.nodesensorlog (id, nodeid, datelogged) VALUES (774, 43, '20230304064746');
INSERT INTO public.nodesensorlog (id, nodeid, datelogged) VALUES (775, 47, '20230304064809');
INSERT INTO public.nodesensorlog (id, nodeid, datelogged) VALUES (776, 45, '20230304064845');
INSERT INTO public.nodesensorlog (id, nodeid, datelogged) VALUES (777, 44, '20230304065036');
INSERT INTO public.nodesensorlog (id, nodeid, datelogged) VALUES (778, 48, '20230304065136');
INSERT INTO public.nodesensorlog (id, nodeid, datelogged) VALUES (779, 46, '20230304065209');
INSERT INTO public.nodesensorlog (id, nodeid, datelogged) VALUES (780, 43, '20230304065246');
INSERT INTO public.nodesensorlog (id, nodeid, datelogged) VALUES (781, 47, '20230304065309');
INSERT INTO public.nodesensorlog (id, nodeid, datelogged) VALUES (782, 45, '20230304065345');
INSERT INTO public.nodesensorlog (id, nodeid, datelogged) VALUES (783, 44, '20230304065536');
INSERT INTO public.nodesensorlog (id, nodeid, datelogged) VALUES (784, 48, '20230304065636');
INSERT INTO public.nodesensorlog (id, nodeid, datelogged) VALUES (785, 46, '20230304065709');
INSERT INTO public.nodesensorlog (id, nodeid, datelogged) VALUES (786, 43, '20230304065746');
INSERT INTO public.nodesensorlog (id, nodeid, datelogged) VALUES (787, 47, '20230304065809');
INSERT INTO public.nodesensorlog (id, nodeid, datelogged) VALUES (788, 45, '20230304065845');
INSERT INTO public.nodesensorlog (id, nodeid, datelogged) VALUES (789, 44, '20230304070036');
INSERT INTO public.nodesensorlog (id, nodeid, datelogged) VALUES (790, 48, '20230304070136');
INSERT INTO public.nodesensorlog (id, nodeid, datelogged) VALUES (791, 46, '20230304070209');
INSERT INTO public.nodesensorlog (id, nodeid, datelogged) VALUES (792, 43, '20230304070246');
INSERT INTO public.nodesensorlog (id, nodeid, datelogged) VALUES (793, 47, '20230304070309');
INSERT INTO public.nodesensorlog (id, nodeid, datelogged) VALUES (794, 45, '20230304070345');
INSERT INTO public.nodesensorlog (id, nodeid, datelogged) VALUES (795, 44, '20230304070536');
INSERT INTO public.nodesensorlog (id, nodeid, datelogged) VALUES (796, 48, '20230304070636');
INSERT INTO public.nodesensorlog (id, nodeid, datelogged) VALUES (797, 46, '20230304070709');
INSERT INTO public.nodesensorlog (id, nodeid, datelogged) VALUES (798, 43, '20230304070746');
INSERT INTO public.nodesensorlog (id, nodeid, datelogged) VALUES (799, 47, '20230304070809');
INSERT INTO public.nodesensorlog (id, nodeid, datelogged) VALUES (800, 45, '20230304070845');
INSERT INTO public.nodesensorlog (id, nodeid, datelogged) VALUES (801, 44, '20230304071036');
INSERT INTO public.nodesensorlog (id, nodeid, datelogged) VALUES (802, 48, '20230304071136');
INSERT INTO public.nodesensorlog (id, nodeid, datelogged) VALUES (803, 46, '20230304071209');
INSERT INTO public.nodesensorlog (id, nodeid, datelogged) VALUES (804, 43, '20230304071246');
INSERT INTO public.nodesensorlog (id, nodeid, datelogged) VALUES (805, 47, '20230304071309');
INSERT INTO public.nodesensorlog (id, nodeid, datelogged) VALUES (806, 45, '20230304071345');
INSERT INTO public.nodesensorlog (id, nodeid, datelogged) VALUES (807, 44, '20230304071536');
INSERT INTO public.nodesensorlog (id, nodeid, datelogged) VALUES (808, 48, '20230304071636');
INSERT INTO public.nodesensorlog (id, nodeid, datelogged) VALUES (809, 46, '20230304071710');
INSERT INTO public.nodesensorlog (id, nodeid, datelogged) VALUES (810, 43, '20230304071746');
INSERT INTO public.nodesensorlog (id, nodeid, datelogged) VALUES (811, 47, '20230304071809');
INSERT INTO public.nodesensorlog (id, nodeid, datelogged) VALUES (812, 45, '20230304071845');
INSERT INTO public.nodesensorlog (id, nodeid, datelogged) VALUES (813, 44, '20230304072036');
INSERT INTO public.nodesensorlog (id, nodeid, datelogged) VALUES (814, 48, '20230304072136');
INSERT INTO public.nodesensorlog (id, nodeid, datelogged) VALUES (815, 46, '20230304072210');
INSERT INTO public.nodesensorlog (id, nodeid, datelogged) VALUES (816, 43, '20230304072246');
INSERT INTO public.nodesensorlog (id, nodeid, datelogged) VALUES (817, 47, '20230304072309');
INSERT INTO public.nodesensorlog (id, nodeid, datelogged) VALUES (818, 45, '20230304072345');
INSERT INTO public.nodesensorlog (id, nodeid, datelogged) VALUES (819, 44, '20230304072536');
INSERT INTO public.nodesensorlog (id, nodeid, datelogged) VALUES (820, 48, '20230304072636');
INSERT INTO public.nodesensorlog (id, nodeid, datelogged) VALUES (821, 46, '20230304072710');
INSERT INTO public.nodesensorlog (id, nodeid, datelogged) VALUES (822, 43, '20230304072746');
INSERT INTO public.nodesensorlog (id, nodeid, datelogged) VALUES (823, 47, '20230304072809');
INSERT INTO public.nodesensorlog (id, nodeid, datelogged) VALUES (824, 45, '20230304072846');
INSERT INTO public.nodesensorlog (id, nodeid, datelogged) VALUES (825, 44, '20230304073036');
INSERT INTO public.nodesensorlog (id, nodeid, datelogged) VALUES (826, 48, '20230304073136');
INSERT INTO public.nodesensorlog (id, nodeid, datelogged) VALUES (827, 46, '20230304073210');
INSERT INTO public.nodesensorlog (id, nodeid, datelogged) VALUES (828, 43, '20230304073246');
INSERT INTO public.nodesensorlog (id, nodeid, datelogged) VALUES (829, 47, '20230304073309');
INSERT INTO public.nodesensorlog (id, nodeid, datelogged) VALUES (830, 45, '20230304073345');
INSERT INTO public.nodesensorlog (id, nodeid, datelogged) VALUES (831, 44, '20230304073536');
INSERT INTO public.nodesensorlog (id, nodeid, datelogged) VALUES (832, 48, '20230304073636');
INSERT INTO public.nodesensorlog (id, nodeid, datelogged) VALUES (833, 46, '20230304073710');
INSERT INTO public.nodesensorlog (id, nodeid, datelogged) VALUES (834, 43, '20230304073746');
INSERT INTO public.nodesensorlog (id, nodeid, datelogged) VALUES (835, 47, '20230304073809');
INSERT INTO public.nodesensorlog (id, nodeid, datelogged) VALUES (836, 45, '20230304073846');
INSERT INTO public.nodesensorlog (id, nodeid, datelogged) VALUES (837, 44, '20230304074036');
INSERT INTO public.nodesensorlog (id, nodeid, datelogged) VALUES (838, 48, '20230304074136');
INSERT INTO public.nodesensorlog (id, nodeid, datelogged) VALUES (839, 46, '20230304074210');
INSERT INTO public.nodesensorlog (id, nodeid, datelogged) VALUES (840, 43, '20230304074246');
INSERT INTO public.nodesensorlog (id, nodeid, datelogged) VALUES (841, 47, '20230304074309');
INSERT INTO public.nodesensorlog (id, nodeid, datelogged) VALUES (842, 45, '20230304074346');
INSERT INTO public.nodesensorlog (id, nodeid, datelogged) VALUES (843, 44, '20230304074536');
INSERT INTO public.nodesensorlog (id, nodeid, datelogged) VALUES (844, 48, '20230304074636');
INSERT INTO public.nodesensorlog (id, nodeid, datelogged) VALUES (845, 46, '20230304074710');
INSERT INTO public.nodesensorlog (id, nodeid, datelogged) VALUES (846, 43, '20230304074746');
INSERT INTO public.nodesensorlog (id, nodeid, datelogged) VALUES (847, 47, '20230304074809');
INSERT INTO public.nodesensorlog (id, nodeid, datelogged) VALUES (848, 45, '20230304074846');
INSERT INTO public.nodesensorlog (id, nodeid, datelogged) VALUES (849, 44, '20230304075036');
INSERT INTO public.nodesensorlog (id, nodeid, datelogged) VALUES (850, 48, '20230304075136');
INSERT INTO public.nodesensorlog (id, nodeid, datelogged) VALUES (851, 46, '20230304075210');
INSERT INTO public.nodesensorlog (id, nodeid, datelogged) VALUES (852, 43, '20230304075246');
INSERT INTO public.nodesensorlog (id, nodeid, datelogged) VALUES (853, 47, '20230304075309');
INSERT INTO public.nodesensorlog (id, nodeid, datelogged) VALUES (854, 45, '20230304075346');
INSERT INTO public.nodesensorlog (id, nodeid, datelogged) VALUES (855, 44, '20230304075536');
INSERT INTO public.nodesensorlog (id, nodeid, datelogged) VALUES (856, 48, '20230304075636');
INSERT INTO public.nodesensorlog (id, nodeid, datelogged) VALUES (857, 46, '20230304075710');
INSERT INTO public.nodesensorlog (id, nodeid, datelogged) VALUES (858, 43, '20230304075746');
INSERT INTO public.nodesensorlog (id, nodeid, datelogged) VALUES (859, 47, '20230304075809');
INSERT INTO public.nodesensorlog (id, nodeid, datelogged) VALUES (860, 45, '20230304075846');
INSERT INTO public.nodesensorlog (id, nodeid, datelogged) VALUES (861, 44, '20230304080036');
INSERT INTO public.nodesensorlog (id, nodeid, datelogged) VALUES (862, 48, '20230304080139');
INSERT INTO public.nodesensorlog (id, nodeid, datelogged) VALUES (863, 46, '20230304080210');
INSERT INTO public.nodesensorlog (id, nodeid, datelogged) VALUES (864, 43, '20230304080246');
INSERT INTO public.nodesensorlog (id, nodeid, datelogged) VALUES (865, 47, '20230304080309');
INSERT INTO public.nodesensorlog (id, nodeid, datelogged) VALUES (866, 45, '20230304080349');
INSERT INTO public.nodesensorlog (id, nodeid, datelogged) VALUES (867, 44, '20230304080536');
INSERT INTO public.nodesensorlog (id, nodeid, datelogged) VALUES (868, 48, '20230304080636');
INSERT INTO public.nodesensorlog (id, nodeid, datelogged) VALUES (869, 46, '20230304080710');
INSERT INTO public.nodesensorlog (id, nodeid, datelogged) VALUES (870, 43, '20230304080746');
INSERT INTO public.nodesensorlog (id, nodeid, datelogged) VALUES (871, 47, '20230304080809');
INSERT INTO public.nodesensorlog (id, nodeid, datelogged) VALUES (872, 45, '20230304080846');
INSERT INTO public.nodesensorlog (id, nodeid, datelogged) VALUES (873, 44, '20230304081036');
INSERT INTO public.nodesensorlog (id, nodeid, datelogged) VALUES (874, 48, '20230304081136');
INSERT INTO public.nodesensorlog (id, nodeid, datelogged) VALUES (875, 46, '20230304081210');
INSERT INTO public.nodesensorlog (id, nodeid, datelogged) VALUES (876, 43, '20230304081246');
INSERT INTO public.nodesensorlog (id, nodeid, datelogged) VALUES (877, 47, '20230304081310');
INSERT INTO public.nodesensorlog (id, nodeid, datelogged) VALUES (878, 45, '20230304081346');
INSERT INTO public.nodesensorlog (id, nodeid, datelogged) VALUES (879, 44, '20230304081536');
INSERT INTO public.nodesensorlog (id, nodeid, datelogged) VALUES (880, 48, '20230304081636');
INSERT INTO public.nodesensorlog (id, nodeid, datelogged) VALUES (881, 46, '20230304081710');
INSERT INTO public.nodesensorlog (id, nodeid, datelogged) VALUES (882, 43, '20230304081746');
INSERT INTO public.nodesensorlog (id, nodeid, datelogged) VALUES (883, 47, '20230304081810');
INSERT INTO public.nodesensorlog (id, nodeid, datelogged) VALUES (884, 45, '20230304081846');
INSERT INTO public.nodesensorlog (id, nodeid, datelogged) VALUES (885, 44, '20230304082036');
INSERT INTO public.nodesensorlog (id, nodeid, datelogged) VALUES (886, 48, '20230304082136');
INSERT INTO public.nodesensorlog (id, nodeid, datelogged) VALUES (887, 46, '20230304082210');
INSERT INTO public.nodesensorlog (id, nodeid, datelogged) VALUES (888, 43, '20230304082246');
INSERT INTO public.nodesensorlog (id, nodeid, datelogged) VALUES (889, 47, '20230304082310');
INSERT INTO public.nodesensorlog (id, nodeid, datelogged) VALUES (890, 45, '20230304082346');
INSERT INTO public.nodesensorlog (id, nodeid, datelogged) VALUES (891, 44, '20230304082536');
INSERT INTO public.nodesensorlog (id, nodeid, datelogged) VALUES (892, 48, '20230304082641');
INSERT INTO public.nodesensorlog (id, nodeid, datelogged) VALUES (893, 46, '20230304082715');
INSERT INTO public.nodesensorlog (id, nodeid, datelogged) VALUES (894, 43, '20230304082746');
INSERT INTO public.nodesensorlog (id, nodeid, datelogged) VALUES (895, 47, '20230304082810');
INSERT INTO public.nodesensorlog (id, nodeid, datelogged) VALUES (896, 45, '20230304082846');
INSERT INTO public.nodesensorlog (id, nodeid, datelogged) VALUES (897, 44, '20230304083036');
INSERT INTO public.nodesensorlog (id, nodeid, datelogged) VALUES (898, 48, '20230304083136');
INSERT INTO public.nodesensorlog (id, nodeid, datelogged) VALUES (899, 46, '20230304083210');
INSERT INTO public.nodesensorlog (id, nodeid, datelogged) VALUES (900, 43, '20230304083246');
INSERT INTO public.nodesensorlog (id, nodeid, datelogged) VALUES (901, 47, '20230304083310');
INSERT INTO public.nodesensorlog (id, nodeid, datelogged) VALUES (902, 44, '20230304084036');
INSERT INTO public.nodesensorlog (id, nodeid, datelogged) VALUES (903, 48, '20230304084137');
INSERT INTO public.nodesensorlog (id, nodeid, datelogged) VALUES (904, 46, '20230304084210');
INSERT INTO public.nodesensorlog (id, nodeid, datelogged) VALUES (905, 43, '20230304084246');
INSERT INTO public.nodesensorlog (id, nodeid, datelogged) VALUES (906, 47, '20230304084310');
INSERT INTO public.nodesensorlog (id, nodeid, datelogged) VALUES (907, 45, '20230304084346');
INSERT INTO public.nodesensorlog (id, nodeid, datelogged) VALUES (908, 44, '20230304084536');
INSERT INTO public.nodesensorlog (id, nodeid, datelogged) VALUES (909, 48, '20230304084637');
INSERT INTO public.nodesensorlog (id, nodeid, datelogged) VALUES (910, 46, '20230304084710');
INSERT INTO public.nodesensorlog (id, nodeid, datelogged) VALUES (911, 43, '20230304084746');
INSERT INTO public.nodesensorlog (id, nodeid, datelogged) VALUES (912, 47, '20230304084810');
INSERT INTO public.nodesensorlog (id, nodeid, datelogged) VALUES (913, 45, '20230304084846');
INSERT INTO public.nodesensorlog (id, nodeid, datelogged) VALUES (914, 44, '20230304085037');
INSERT INTO public.nodesensorlog (id, nodeid, datelogged) VALUES (915, 48, '20230304085137');
INSERT INTO public.nodesensorlog (id, nodeid, datelogged) VALUES (916, 46, '20230304085210');
INSERT INTO public.nodesensorlog (id, nodeid, datelogged) VALUES (917, 43, '20230304085246');
INSERT INTO public.nodesensorlog (id, nodeid, datelogged) VALUES (918, 47, '20230304085310');
INSERT INTO public.nodesensorlog (id, nodeid, datelogged) VALUES (919, 45, '20230304085346');
INSERT INTO public.nodesensorlog (id, nodeid, datelogged) VALUES (920, 44, '20230304085537');
INSERT INTO public.nodesensorlog (id, nodeid, datelogged) VALUES (921, 48, '20230304085637');
INSERT INTO public.nodesensorlog (id, nodeid, datelogged) VALUES (922, 46, '20230304085710');
INSERT INTO public.nodesensorlog (id, nodeid, datelogged) VALUES (923, 43, '20230304085746');
INSERT INTO public.nodesensorlog (id, nodeid, datelogged) VALUES (924, 47, '20230304085810');
INSERT INTO public.nodesensorlog (id, nodeid, datelogged) VALUES (925, 45, '20230304085846');
INSERT INTO public.nodesensorlog (id, nodeid, datelogged) VALUES (926, 44, '20230304090037');
INSERT INTO public.nodesensorlog (id, nodeid, datelogged) VALUES (927, 48, '20230304090137');
INSERT INTO public.nodesensorlog (id, nodeid, datelogged) VALUES (928, 46, '20230304090210');
INSERT INTO public.nodesensorlog (id, nodeid, datelogged) VALUES (929, 43, '20230304090247');
INSERT INTO public.nodesensorlog (id, nodeid, datelogged) VALUES (930, 47, '20230304090310');
INSERT INTO public.nodesensorlog (id, nodeid, datelogged) VALUES (931, 45, '20230304090346');
INSERT INTO public.nodesensorlog (id, nodeid, datelogged) VALUES (932, 44, '20230304090537');
INSERT INTO public.nodesensorlog (id, nodeid, datelogged) VALUES (933, 48, '20230304090637');
INSERT INTO public.nodesensorlog (id, nodeid, datelogged) VALUES (934, 46, '20230304090710');
INSERT INTO public.nodesensorlog (id, nodeid, datelogged) VALUES (935, 43, '20230304090747');
INSERT INTO public.nodesensorlog (id, nodeid, datelogged) VALUES (936, 47, '20230304090810');
INSERT INTO public.nodesensorlog (id, nodeid, datelogged) VALUES (937, 45, '20230304090846');
INSERT INTO public.nodesensorlog (id, nodeid, datelogged) VALUES (938, 44, '20230304091037');
INSERT INTO public.nodesensorlog (id, nodeid, datelogged) VALUES (939, 48, '20230304091137');
INSERT INTO public.nodesensorlog (id, nodeid, datelogged) VALUES (940, 46, '20230304091210');
INSERT INTO public.nodesensorlog (id, nodeid, datelogged) VALUES (941, 43, '20230304091247');
INSERT INTO public.nodesensorlog (id, nodeid, datelogged) VALUES (942, 47, '20230304091310');
INSERT INTO public.nodesensorlog (id, nodeid, datelogged) VALUES (943, 45, '20230304091346');
INSERT INTO public.nodesensorlog (id, nodeid, datelogged) VALUES (944, 44, '20230304091537');
INSERT INTO public.nodesensorlog (id, nodeid, datelogged) VALUES (945, 48, '20230304091637');
INSERT INTO public.nodesensorlog (id, nodeid, datelogged) VALUES (946, 46, '20230304091710');
INSERT INTO public.nodesensorlog (id, nodeid, datelogged) VALUES (947, 43, '20230304091747');
INSERT INTO public.nodesensorlog (id, nodeid, datelogged) VALUES (948, 47, '20230304091810');
INSERT INTO public.nodesensorlog (id, nodeid, datelogged) VALUES (949, 45, '20230304091846');
INSERT INTO public.nodesensorlog (id, nodeid, datelogged) VALUES (950, 44, '20230304092037');
INSERT INTO public.nodesensorlog (id, nodeid, datelogged) VALUES (951, 48, '20230304092137');
INSERT INTO public.nodesensorlog (id, nodeid, datelogged) VALUES (952, 46, '20230304092211');
INSERT INTO public.nodesensorlog (id, nodeid, datelogged) VALUES (953, 43, '20230304092247');
INSERT INTO public.nodesensorlog (id, nodeid, datelogged) VALUES (954, 47, '20230304092310');
INSERT INTO public.nodesensorlog (id, nodeid, datelogged) VALUES (955, 45, '20230304092346');
INSERT INTO public.nodesensorlog (id, nodeid, datelogged) VALUES (956, 44, '20230304092537');
INSERT INTO public.nodesensorlog (id, nodeid, datelogged) VALUES (957, 48, '20230304092637');
INSERT INTO public.nodesensorlog (id, nodeid, datelogged) VALUES (958, 46, '20230304092711');
INSERT INTO public.nodesensorlog (id, nodeid, datelogged) VALUES (959, 43, '20230304092747');
INSERT INTO public.nodesensorlog (id, nodeid, datelogged) VALUES (960, 47, '20230304092810');
INSERT INTO public.nodesensorlog (id, nodeid, datelogged) VALUES (961, 45, '20230304092846');
INSERT INTO public.nodesensorlog (id, nodeid, datelogged) VALUES (962, 44, '20230304093037');
INSERT INTO public.nodesensorlog (id, nodeid, datelogged) VALUES (963, 48, '20230304093137');
INSERT INTO public.nodesensorlog (id, nodeid, datelogged) VALUES (964, 46, '20230304093211');
INSERT INTO public.nodesensorlog (id, nodeid, datelogged) VALUES (965, 43, '20230304093247');
INSERT INTO public.nodesensorlog (id, nodeid, datelogged) VALUES (966, 47, '20230304093310');
INSERT INTO public.nodesensorlog (id, nodeid, datelogged) VALUES (967, 45, '20230304093346');
INSERT INTO public.nodesensorlog (id, nodeid, datelogged) VALUES (968, 44, '20230304093537');
INSERT INTO public.nodesensorlog (id, nodeid, datelogged) VALUES (969, 48, '20230304093637');
INSERT INTO public.nodesensorlog (id, nodeid, datelogged) VALUES (970, 46, '20230304093711');
INSERT INTO public.nodesensorlog (id, nodeid, datelogged) VALUES (971, 43, '20230304093747');
INSERT INTO public.nodesensorlog (id, nodeid, datelogged) VALUES (972, 47, '20230304093810');
INSERT INTO public.nodesensorlog (id, nodeid, datelogged) VALUES (973, 45, '20230304093846');
INSERT INTO public.nodesensorlog (id, nodeid, datelogged) VALUES (974, 44, '20230304094037');
INSERT INTO public.nodesensorlog (id, nodeid, datelogged) VALUES (975, 48, '20230304094137');
INSERT INTO public.nodesensorlog (id, nodeid, datelogged) VALUES (976, 46, '20230304094211');
INSERT INTO public.nodesensorlog (id, nodeid, datelogged) VALUES (977, 43, '20230304094247');
INSERT INTO public.nodesensorlog (id, nodeid, datelogged) VALUES (978, 47, '20230304094310');
INSERT INTO public.nodesensorlog (id, nodeid, datelogged) VALUES (979, 45, '20230304094346');
INSERT INTO public.nodesensorlog (id, nodeid, datelogged) VALUES (980, 44, '20230304094537');
INSERT INTO public.nodesensorlog (id, nodeid, datelogged) VALUES (981, 48, '20230304094637');
INSERT INTO public.nodesensorlog (id, nodeid, datelogged) VALUES (982, 46, '20230304094711');
INSERT INTO public.nodesensorlog (id, nodeid, datelogged) VALUES (983, 43, '20230304094747');
INSERT INTO public.nodesensorlog (id, nodeid, datelogged) VALUES (984, 47, '20230304094810');
INSERT INTO public.nodesensorlog (id, nodeid, datelogged) VALUES (985, 45, '20230304094846');
INSERT INTO public.nodesensorlog (id, nodeid, datelogged) VALUES (986, 44, '20230304095037');
INSERT INTO public.nodesensorlog (id, nodeid, datelogged) VALUES (987, 48, '20230304095137');
INSERT INTO public.nodesensorlog (id, nodeid, datelogged) VALUES (988, 46, '20230304095211');
INSERT INTO public.nodesensorlog (id, nodeid, datelogged) VALUES (989, 43, '20230304095247');
INSERT INTO public.nodesensorlog (id, nodeid, datelogged) VALUES (990, 47, '20230304095310');
INSERT INTO public.nodesensorlog (id, nodeid, datelogged) VALUES (991, 45, '20230304095346');
INSERT INTO public.nodesensorlog (id, nodeid, datelogged) VALUES (992, 44, '20230304095537');
INSERT INTO public.nodesensorlog (id, nodeid, datelogged) VALUES (993, 48, '20230304095637');
INSERT INTO public.nodesensorlog (id, nodeid, datelogged) VALUES (994, 46, '20230304095711');
INSERT INTO public.nodesensorlog (id, nodeid, datelogged) VALUES (995, 43, '20230304095747');
INSERT INTO public.nodesensorlog (id, nodeid, datelogged) VALUES (996, 47, '20230304095810');
INSERT INTO public.nodesensorlog (id, nodeid, datelogged) VALUES (997, 45, '20230304095846');
INSERT INTO public.nodesensorlog (id, nodeid, datelogged) VALUES (998, 44, '20230304100037');
INSERT INTO public.nodesensorlog (id, nodeid, datelogged) VALUES (999, 48, '20230304100137');
INSERT INTO public.nodesensorlog (id, nodeid, datelogged) VALUES (1000, 46, '20230304100211');
INSERT INTO public.nodesensorlog (id, nodeid, datelogged) VALUES (1001, 43, '20230304100247');
INSERT INTO public.nodesensorlog (id, nodeid, datelogged) VALUES (1002, 47, '20230304100310');
INSERT INTO public.nodesensorlog (id, nodeid, datelogged) VALUES (1003, 45, '20230304100347');
INSERT INTO public.nodesensorlog (id, nodeid, datelogged) VALUES (1004, 44, '20230304100537');
INSERT INTO public.nodesensorlog (id, nodeid, datelogged) VALUES (1005, 48, '20230304100637');
INSERT INTO public.nodesensorlog (id, nodeid, datelogged) VALUES (1006, 46, '20230304100711');
INSERT INTO public.nodesensorlog (id, nodeid, datelogged) VALUES (1007, 43, '20230304100747');
INSERT INTO public.nodesensorlog (id, nodeid, datelogged) VALUES (1008, 47, '20230304100810');
INSERT INTO public.nodesensorlog (id, nodeid, datelogged) VALUES (1009, 45, '20230304100847');
INSERT INTO public.nodesensorlog (id, nodeid, datelogged) VALUES (1010, 44, '20230304101037');
INSERT INTO public.nodesensorlog (id, nodeid, datelogged) VALUES (1011, 48, '20230304101137');
INSERT INTO public.nodesensorlog (id, nodeid, datelogged) VALUES (1012, 46, '20230304101211');
INSERT INTO public.nodesensorlog (id, nodeid, datelogged) VALUES (1013, 43, '20230304101247');
INSERT INTO public.nodesensorlog (id, nodeid, datelogged) VALUES (1014, 47, '20230304101310');
INSERT INTO public.nodesensorlog (id, nodeid, datelogged) VALUES (1015, 45, '20230304101347');
INSERT INTO public.nodesensorlog (id, nodeid, datelogged) VALUES (1016, 44, '20230304101540');
INSERT INTO public.nodesensorlog (id, nodeid, datelogged) VALUES (1017, 48, '20230304101637');
INSERT INTO public.nodesensorlog (id, nodeid, datelogged) VALUES (1018, 46, '20230304101711');
INSERT INTO public.nodesensorlog (id, nodeid, datelogged) VALUES (1019, 43, '20230304101750');
INSERT INTO public.nodesensorlog (id, nodeid, datelogged) VALUES (1020, 47, '20230304101810');
INSERT INTO public.nodesensorlog (id, nodeid, datelogged) VALUES (1021, 45, '20230304101847');
INSERT INTO public.nodesensorlog (id, nodeid, datelogged) VALUES (1022, 44, '20230304102037');
INSERT INTO public.nodesensorlog (id, nodeid, datelogged) VALUES (1023, 48, '20230304102137');
INSERT INTO public.nodesensorlog (id, nodeid, datelogged) VALUES (1024, 46, '20230304102211');
INSERT INTO public.nodesensorlog (id, nodeid, datelogged) VALUES (1025, 43, '20230304102247');
INSERT INTO public.nodesensorlog (id, nodeid, datelogged) VALUES (1026, 47, '20230304102310');
INSERT INTO public.nodesensorlog (id, nodeid, datelogged) VALUES (1027, 45, '20230304102347');
INSERT INTO public.nodesensorlog (id, nodeid, datelogged) VALUES (1028, 44, '20230304102537');
INSERT INTO public.nodesensorlog (id, nodeid, datelogged) VALUES (1029, 48, '20230304102637');
INSERT INTO public.nodesensorlog (id, nodeid, datelogged) VALUES (1030, 46, '20230304102711');
INSERT INTO public.nodesensorlog (id, nodeid, datelogged) VALUES (1031, 43, '20230304102747');
INSERT INTO public.nodesensorlog (id, nodeid, datelogged) VALUES (1032, 47, '20230304102810');
INSERT INTO public.nodesensorlog (id, nodeid, datelogged) VALUES (1033, 45, '20230304102847');
INSERT INTO public.nodesensorlog (id, nodeid, datelogged) VALUES (1034, 44, '20230304103037');
INSERT INTO public.nodesensorlog (id, nodeid, datelogged) VALUES (1035, 48, '20230304103137');
INSERT INTO public.nodesensorlog (id, nodeid, datelogged) VALUES (1036, 46, '20230304103211');
INSERT INTO public.nodesensorlog (id, nodeid, datelogged) VALUES (1037, 43, '20230304103247');
INSERT INTO public.nodesensorlog (id, nodeid, datelogged) VALUES (1038, 47, '20230304103310');
INSERT INTO public.nodesensorlog (id, nodeid, datelogged) VALUES (1039, 45, '20230304103347');
INSERT INTO public.nodesensorlog (id, nodeid, datelogged) VALUES (1040, 44, '20230304103537');
INSERT INTO public.nodesensorlog (id, nodeid, datelogged) VALUES (1041, 48, '20230304103637');
INSERT INTO public.nodesensorlog (id, nodeid, datelogged) VALUES (1042, 46, '20230304103711');
INSERT INTO public.nodesensorlog (id, nodeid, datelogged) VALUES (1043, 43, '20230304103747');
INSERT INTO public.nodesensorlog (id, nodeid, datelogged) VALUES (1044, 47, '20230304103810');
INSERT INTO public.nodesensorlog (id, nodeid, datelogged) VALUES (1045, 45, '20230304103847');
INSERT INTO public.nodesensorlog (id, nodeid, datelogged) VALUES (1046, 44, '20230304104037');
INSERT INTO public.nodesensorlog (id, nodeid, datelogged) VALUES (1047, 48, '20230304104137');
INSERT INTO public.nodesensorlog (id, nodeid, datelogged) VALUES (1048, 46, '20230304104211');
INSERT INTO public.nodesensorlog (id, nodeid, datelogged) VALUES (1049, 43, '20230304104247');
INSERT INTO public.nodesensorlog (id, nodeid, datelogged) VALUES (1050, 47, '20230304104313');
INSERT INTO public.nodesensorlog (id, nodeid, datelogged) VALUES (1051, 45, '20230304104347');
INSERT INTO public.nodesensorlog (id, nodeid, datelogged) VALUES (1052, 44, '20230304104537');
INSERT INTO public.nodesensorlog (id, nodeid, datelogged) VALUES (1053, 48, '20230304104637');
INSERT INTO public.nodesensorlog (id, nodeid, datelogged) VALUES (1054, 46, '20230304104711');
INSERT INTO public.nodesensorlog (id, nodeid, datelogged) VALUES (1055, 43, '20230304104747');
INSERT INTO public.nodesensorlog (id, nodeid, datelogged) VALUES (1056, 47, '20230304104810');
INSERT INTO public.nodesensorlog (id, nodeid, datelogged) VALUES (1057, 45, '20230304104847');
INSERT INTO public.nodesensorlog (id, nodeid, datelogged) VALUES (1058, 44, '20230304105037');
INSERT INTO public.nodesensorlog (id, nodeid, datelogged) VALUES (1059, 48, '20230304105137');
INSERT INTO public.nodesensorlog (id, nodeid, datelogged) VALUES (1060, 46, '20230304105211');
INSERT INTO public.nodesensorlog (id, nodeid, datelogged) VALUES (1061, 43, '20230304105247');
INSERT INTO public.nodesensorlog (id, nodeid, datelogged) VALUES (1062, 47, '20230304105311');
INSERT INTO public.nodesensorlog (id, nodeid, datelogged) VALUES (1063, 45, '20230304105347');
INSERT INTO public.nodesensorlog (id, nodeid, datelogged) VALUES (1064, 44, '20230304105537');
INSERT INTO public.nodesensorlog (id, nodeid, datelogged) VALUES (1065, 48, '20230304105637');
INSERT INTO public.nodesensorlog (id, nodeid, datelogged) VALUES (1066, 46, '20230304105711');
INSERT INTO public.nodesensorlog (id, nodeid, datelogged) VALUES (1067, 43, '20230304105747');
INSERT INTO public.nodesensorlog (id, nodeid, datelogged) VALUES (1068, 47, '20230304105811');
INSERT INTO public.nodesensorlog (id, nodeid, datelogged) VALUES (1069, 45, '20230304105847');
INSERT INTO public.nodesensorlog (id, nodeid, datelogged) VALUES (1070, 44, '20230304110037');
INSERT INTO public.nodesensorlog (id, nodeid, datelogged) VALUES (1071, 48, '20230304110137');
INSERT INTO public.nodesensorlog (id, nodeid, datelogged) VALUES (1072, 46, '20230304110211');
INSERT INTO public.nodesensorlog (id, nodeid, datelogged) VALUES (1073, 43, '20230304110247');
INSERT INTO public.nodesensorlog (id, nodeid, datelogged) VALUES (1074, 47, '20230304110311');
INSERT INTO public.nodesensorlog (id, nodeid, datelogged) VALUES (1075, 45, '20230304110347');
INSERT INTO public.nodesensorlog (id, nodeid, datelogged) VALUES (1076, 44, '20230304110537');
INSERT INTO public.nodesensorlog (id, nodeid, datelogged) VALUES (1077, 48, '20230304110637');
INSERT INTO public.nodesensorlog (id, nodeid, datelogged) VALUES (1078, 46, '20230304110711');
INSERT INTO public.nodesensorlog (id, nodeid, datelogged) VALUES (1079, 43, '20230304110747');
INSERT INTO public.nodesensorlog (id, nodeid, datelogged) VALUES (1080, 47, '20230304110811');
INSERT INTO public.nodesensorlog (id, nodeid, datelogged) VALUES (1081, 45, '20230304110847');
INSERT INTO public.nodesensorlog (id, nodeid, datelogged) VALUES (1082, 44, '20230304111037');
INSERT INTO public.nodesensorlog (id, nodeid, datelogged) VALUES (1083, 48, '20230304111138');
INSERT INTO public.nodesensorlog (id, nodeid, datelogged) VALUES (1084, 46, '20230304111211');
INSERT INTO public.nodesensorlog (id, nodeid, datelogged) VALUES (1085, 43, '20230304111247');
INSERT INTO public.nodesensorlog (id, nodeid, datelogged) VALUES (1086, 47, '20230304111311');
INSERT INTO public.nodesensorlog (id, nodeid, datelogged) VALUES (1087, 45, '20230304111347');
INSERT INTO public.nodesensorlog (id, nodeid, datelogged) VALUES (1088, 44, '20230304111538');
INSERT INTO public.nodesensorlog (id, nodeid, datelogged) VALUES (1089, 48, '20230304111638');
INSERT INTO public.nodesensorlog (id, nodeid, datelogged) VALUES (1090, 46, '20230304111711');
INSERT INTO public.nodesensorlog (id, nodeid, datelogged) VALUES (1091, 43, '20230304111747');
INSERT INTO public.nodesensorlog (id, nodeid, datelogged) VALUES (1092, 47, '20230304111811');
INSERT INTO public.nodesensorlog (id, nodeid, datelogged) VALUES (1093, 45, '20230304111847');
INSERT INTO public.nodesensorlog (id, nodeid, datelogged) VALUES (1094, 44, '20230304112038');
INSERT INTO public.nodesensorlog (id, nodeid, datelogged) VALUES (1095, 48, '20230304112138');
INSERT INTO public.nodesensorlog (id, nodeid, datelogged) VALUES (1096, 46, '20230304112211');
INSERT INTO public.nodesensorlog (id, nodeid, datelogged) VALUES (1097, 43, '20230304112247');
INSERT INTO public.nodesensorlog (id, nodeid, datelogged) VALUES (1098, 47, '20230304112311');
INSERT INTO public.nodesensorlog (id, nodeid, datelogged) VALUES (1099, 45, '20230304112347');
INSERT INTO public.nodesensorlog (id, nodeid, datelogged) VALUES (1100, 44, '20230304112538');
INSERT INTO public.nodesensorlog (id, nodeid, datelogged) VALUES (1101, 48, '20230304112638');
INSERT INTO public.nodesensorlog (id, nodeid, datelogged) VALUES (1102, 46, '20230304112711');
INSERT INTO public.nodesensorlog (id, nodeid, datelogged) VALUES (1103, 43, '20230304112747');
INSERT INTO public.nodesensorlog (id, nodeid, datelogged) VALUES (1104, 47, '20230304112811');
INSERT INTO public.nodesensorlog (id, nodeid, datelogged) VALUES (1105, 45, '20230304112847');
INSERT INTO public.nodesensorlog (id, nodeid, datelogged) VALUES (1106, 44, '20230304113038');
INSERT INTO public.nodesensorlog (id, nodeid, datelogged) VALUES (1107, 48, '20230304113138');
INSERT INTO public.nodesensorlog (id, nodeid, datelogged) VALUES (1108, 46, '20230304113211');
INSERT INTO public.nodesensorlog (id, nodeid, datelogged) VALUES (1109, 43, '20230304113247');
INSERT INTO public.nodesensorlog (id, nodeid, datelogged) VALUES (1110, 47, '20230304113311');
INSERT INTO public.nodesensorlog (id, nodeid, datelogged) VALUES (1111, 45, '20230304113347');
INSERT INTO public.nodesensorlog (id, nodeid, datelogged) VALUES (1112, 44, '20230304113538');
INSERT INTO public.nodesensorlog (id, nodeid, datelogged) VALUES (1113, 48, '20230304113638');
INSERT INTO public.nodesensorlog (id, nodeid, datelogged) VALUES (1114, 46, '20230304113711');
INSERT INTO public.nodesensorlog (id, nodeid, datelogged) VALUES (1115, 43, '20230304113747');
INSERT INTO public.nodesensorlog (id, nodeid, datelogged) VALUES (1116, 47, '20230304113811');
INSERT INTO public.nodesensorlog (id, nodeid, datelogged) VALUES (1117, 45, '20230304113847');
INSERT INTO public.nodesensorlog (id, nodeid, datelogged) VALUES (1118, 44, '20230304114038');
INSERT INTO public.nodesensorlog (id, nodeid, datelogged) VALUES (1119, 48, '20230304114138');
INSERT INTO public.nodesensorlog (id, nodeid, datelogged) VALUES (1120, 46, '20230304114212');
INSERT INTO public.nodesensorlog (id, nodeid, datelogged) VALUES (1121, 43, '20230304114247');
INSERT INTO public.nodesensorlog (id, nodeid, datelogged) VALUES (1122, 47, '20230304114311');
INSERT INTO public.nodesensorlog (id, nodeid, datelogged) VALUES (1123, 45, '20230304114347');
INSERT INTO public.nodesensorlog (id, nodeid, datelogged) VALUES (1124, 44, '20230304114538');
INSERT INTO public.nodesensorlog (id, nodeid, datelogged) VALUES (1125, 48, '20230304114638');
INSERT INTO public.nodesensorlog (id, nodeid, datelogged) VALUES (1126, 46, '20230304114712');
INSERT INTO public.nodesensorlog (id, nodeid, datelogged) VALUES (1127, 43, '20230304114747');
INSERT INTO public.nodesensorlog (id, nodeid, datelogged) VALUES (1128, 47, '20230304114811');
INSERT INTO public.nodesensorlog (id, nodeid, datelogged) VALUES (1129, 45, '20230304114847');
INSERT INTO public.nodesensorlog (id, nodeid, datelogged) VALUES (1130, 44, '20230304115038');
INSERT INTO public.nodesensorlog (id, nodeid, datelogged) VALUES (1131, 48, '20230304115138');
INSERT INTO public.nodesensorlog (id, nodeid, datelogged) VALUES (1132, 46, '20230304115212');
INSERT INTO public.nodesensorlog (id, nodeid, datelogged) VALUES (1133, 43, '20230304115247');
INSERT INTO public.nodesensorlog (id, nodeid, datelogged) VALUES (1134, 47, '20230304115311');
INSERT INTO public.nodesensorlog (id, nodeid, datelogged) VALUES (1135, 45, '20230304115347');
INSERT INTO public.nodesensorlog (id, nodeid, datelogged) VALUES (1136, 44, '20230304115538');
INSERT INTO public.nodesensorlog (id, nodeid, datelogged) VALUES (1137, 48, '20230304115638');
INSERT INTO public.nodesensorlog (id, nodeid, datelogged) VALUES (1138, 46, '20230304115712');
INSERT INTO public.nodesensorlog (id, nodeid, datelogged) VALUES (1139, 43, '20230304115747');
INSERT INTO public.nodesensorlog (id, nodeid, datelogged) VALUES (1140, 47, '20230304115811');
INSERT INTO public.nodesensorlog (id, nodeid, datelogged) VALUES (1141, 45, '20230304115847');
INSERT INTO public.nodesensorlog (id, nodeid, datelogged) VALUES (1142, 44, '20230304120038');
INSERT INTO public.nodesensorlog (id, nodeid, datelogged) VALUES (1143, 48, '20230304120138');
INSERT INTO public.nodesensorlog (id, nodeid, datelogged) VALUES (1144, 46, '20230304120212');
INSERT INTO public.nodesensorlog (id, nodeid, datelogged) VALUES (1145, 43, '20230304120247');
INSERT INTO public.nodesensorlog (id, nodeid, datelogged) VALUES (1146, 47, '20230304120311');
INSERT INTO public.nodesensorlog (id, nodeid, datelogged) VALUES (1147, 45, '20230304120347');
INSERT INTO public.nodesensorlog (id, nodeid, datelogged) VALUES (1148, 44, '20230304120538');
INSERT INTO public.nodesensorlog (id, nodeid, datelogged) VALUES (1149, 48, '20230304120638');
INSERT INTO public.nodesensorlog (id, nodeid, datelogged) VALUES (1150, 46, '20230304120712');
INSERT INTO public.nodesensorlog (id, nodeid, datelogged) VALUES (1151, 43, '20230304120747');
INSERT INTO public.nodesensorlog (id, nodeid, datelogged) VALUES (1152, 47, '20230304120811');
INSERT INTO public.nodesensorlog (id, nodeid, datelogged) VALUES (1153, 45, '20230304120847');
INSERT INTO public.nodesensorlog (id, nodeid, datelogged) VALUES (1154, 44, '20230304121038');
INSERT INTO public.nodesensorlog (id, nodeid, datelogged) VALUES (1155, 48, '20230304121138');
INSERT INTO public.nodesensorlog (id, nodeid, datelogged) VALUES (1156, 46, '20230304121212');
INSERT INTO public.nodesensorlog (id, nodeid, datelogged) VALUES (1157, 43, '20230304121247');
INSERT INTO public.nodesensorlog (id, nodeid, datelogged) VALUES (1158, 47, '20230304121311');
INSERT INTO public.nodesensorlog (id, nodeid, datelogged) VALUES (1159, 45, '20230304121347');
INSERT INTO public.nodesensorlog (id, nodeid, datelogged) VALUES (1160, 44, '20230304121538');
INSERT INTO public.nodesensorlog (id, nodeid, datelogged) VALUES (1161, 48, '20230304121638');
INSERT INTO public.nodesensorlog (id, nodeid, datelogged) VALUES (1162, 46, '20230304121712');
INSERT INTO public.nodesensorlog (id, nodeid, datelogged) VALUES (1163, 43, '20230304121740');
INSERT INTO public.nodesensorlog (id, nodeid, datelogged) VALUES (1164, 47, '20230304121811');
INSERT INTO public.nodesensorlog (id, nodeid, datelogged) VALUES (1165, 45, '20230304121847');
INSERT INTO public.nodesensorlog (id, nodeid, datelogged) VALUES (1166, 44, '20230304122038');
INSERT INTO public.nodesensorlog (id, nodeid, datelogged) VALUES (1167, 48, '20230304122138');
INSERT INTO public.nodesensorlog (id, nodeid, datelogged) VALUES (1168, 46, '20230304122212');
INSERT INTO public.nodesensorlog (id, nodeid, datelogged) VALUES (1169, 43, '20230304122240');
INSERT INTO public.nodesensorlog (id, nodeid, datelogged) VALUES (1170, 47, '20230304122311');
INSERT INTO public.nodesensorlog (id, nodeid, datelogged) VALUES (1171, 45, '20230304122347');
INSERT INTO public.nodesensorlog (id, nodeid, datelogged) VALUES (1172, 44, '20230304122538');
INSERT INTO public.nodesensorlog (id, nodeid, datelogged) VALUES (1173, 48, '20230304122638');
INSERT INTO public.nodesensorlog (id, nodeid, datelogged) VALUES (1174, 46, '20230304122712');
INSERT INTO public.nodesensorlog (id, nodeid, datelogged) VALUES (1175, 43, '20230304122740');
INSERT INTO public.nodesensorlog (id, nodeid, datelogged) VALUES (1176, 47, '20230304122811');
INSERT INTO public.nodesensorlog (id, nodeid, datelogged) VALUES (1177, 45, '20230304122848');
INSERT INTO public.nodesensorlog (id, nodeid, datelogged) VALUES (1178, 44, '20230304123038');
INSERT INTO public.nodesensorlog (id, nodeid, datelogged) VALUES (1179, 48, '20230304123138');
INSERT INTO public.nodesensorlog (id, nodeid, datelogged) VALUES (1180, 46, '20230304123212');
INSERT INTO public.nodesensorlog (id, nodeid, datelogged) VALUES (1181, 43, '20230304123240');
INSERT INTO public.nodesensorlog (id, nodeid, datelogged) VALUES (1182, 47, '20230304123311');
INSERT INTO public.nodesensorlog (id, nodeid, datelogged) VALUES (1183, 45, '20230304123347');
INSERT INTO public.nodesensorlog (id, nodeid, datelogged) VALUES (1184, 44, '20230304123538');
INSERT INTO public.nodesensorlog (id, nodeid, datelogged) VALUES (1185, 48, '20230304123638');
INSERT INTO public.nodesensorlog (id, nodeid, datelogged) VALUES (1186, 46, '20230304123715');
INSERT INTO public.nodesensorlog (id, nodeid, datelogged) VALUES (1187, 43, '20230304123740');
INSERT INTO public.nodesensorlog (id, nodeid, datelogged) VALUES (1188, 47, '20230304123811');
INSERT INTO public.nodesensorlog (id, nodeid, datelogged) VALUES (1189, 45, '20230304123848');
INSERT INTO public.nodesensorlog (id, nodeid, datelogged) VALUES (1190, 44, '20230304124038');
INSERT INTO public.nodesensorlog (id, nodeid, datelogged) VALUES (1191, 48, '20230304124138');
INSERT INTO public.nodesensorlog (id, nodeid, datelogged) VALUES (1192, 46, '20230304124212');
INSERT INTO public.nodesensorlog (id, nodeid, datelogged) VALUES (1193, 43, '20230304124240');
INSERT INTO public.nodesensorlog (id, nodeid, datelogged) VALUES (1194, 47, '20230304124311');
INSERT INTO public.nodesensorlog (id, nodeid, datelogged) VALUES (1195, 45, '20230304124348');
INSERT INTO public.nodesensorlog (id, nodeid, datelogged) VALUES (1196, 44, '20230304124538');
INSERT INTO public.nodesensorlog (id, nodeid, datelogged) VALUES (1197, 48, '20230304124638');
INSERT INTO public.nodesensorlog (id, nodeid, datelogged) VALUES (1198, 46, '20230304124712');
INSERT INTO public.nodesensorlog (id, nodeid, datelogged) VALUES (1199, 43, '20230304124740');
INSERT INTO public.nodesensorlog (id, nodeid, datelogged) VALUES (1200, 47, '20230304124811');
INSERT INTO public.nodesensorlog (id, nodeid, datelogged) VALUES (1201, 45, '20230304124848');
INSERT INTO public.nodesensorlog (id, nodeid, datelogged) VALUES (1202, 44, '20230304125038');
INSERT INTO public.nodesensorlog (id, nodeid, datelogged) VALUES (1203, 48, '20230304125138');
INSERT INTO public.nodesensorlog (id, nodeid, datelogged) VALUES (1204, 46, '20230304125212');
INSERT INTO public.nodesensorlog (id, nodeid, datelogged) VALUES (1205, 43, '20230304125240');
INSERT INTO public.nodesensorlog (id, nodeid, datelogged) VALUES (1206, 47, '20230304125311');
INSERT INTO public.nodesensorlog (id, nodeid, datelogged) VALUES (1207, 45, '20230304125348');
INSERT INTO public.nodesensorlog (id, nodeid, datelogged) VALUES (1208, 44, '20230304125538');
INSERT INTO public.nodesensorlog (id, nodeid, datelogged) VALUES (1209, 48, '20230304125638');
INSERT INTO public.nodesensorlog (id, nodeid, datelogged) VALUES (1210, 46, '20230304125712');
INSERT INTO public.nodesensorlog (id, nodeid, datelogged) VALUES (1211, 43, '20230304125740');
INSERT INTO public.nodesensorlog (id, nodeid, datelogged) VALUES (1212, 47, '20230304125811');
INSERT INTO public.nodesensorlog (id, nodeid, datelogged) VALUES (1213, 45, '20230304125848');
INSERT INTO public.nodesensorlog (id, nodeid, datelogged) VALUES (1214, 44, '20230304130038');
INSERT INTO public.nodesensorlog (id, nodeid, datelogged) VALUES (1215, 48, '20230304130138');
INSERT INTO public.nodesensorlog (id, nodeid, datelogged) VALUES (1216, 46, '20230304130212');
INSERT INTO public.nodesensorlog (id, nodeid, datelogged) VALUES (1217, 43, '20230304130240');
INSERT INTO public.nodesensorlog (id, nodeid, datelogged) VALUES (1218, 47, '20230304130308');
INSERT INTO public.nodesensorlog (id, nodeid, datelogged) VALUES (1219, 45, '20230304130348');
INSERT INTO public.nodesensorlog (id, nodeid, datelogged) VALUES (1220, 44, '20230304130538');
INSERT INTO public.nodesensorlog (id, nodeid, datelogged) VALUES (1221, 48, '20230304130638');
INSERT INTO public.nodesensorlog (id, nodeid, datelogged) VALUES (1222, 46, '20230304130712');
INSERT INTO public.nodesensorlog (id, nodeid, datelogged) VALUES (1223, 43, '20230304130740');
INSERT INTO public.nodesensorlog (id, nodeid, datelogged) VALUES (1224, 47, '20230304130801');
INSERT INTO public.nodesensorlog (id, nodeid, datelogged) VALUES (1225, 45, '20230304130848');
INSERT INTO public.nodesensorlog (id, nodeid, datelogged) VALUES (1226, 44, '20230304131038');
INSERT INTO public.nodesensorlog (id, nodeid, datelogged) VALUES (1227, 48, '20230304131138');
INSERT INTO public.nodesensorlog (id, nodeid, datelogged) VALUES (1228, 46, '20230304131212');
INSERT INTO public.nodesensorlog (id, nodeid, datelogged) VALUES (1229, 43, '20230304131240');
INSERT INTO public.nodesensorlog (id, nodeid, datelogged) VALUES (1230, 47, '20230304131301');
INSERT INTO public.nodesensorlog (id, nodeid, datelogged) VALUES (1231, 45, '20230304131348');
INSERT INTO public.nodesensorlog (id, nodeid, datelogged) VALUES (1232, 44, '20230304131538');
INSERT INTO public.nodesensorlog (id, nodeid, datelogged) VALUES (1233, 48, '20230304131638');
INSERT INTO public.nodesensorlog (id, nodeid, datelogged) VALUES (1234, 46, '20230304131712');
INSERT INTO public.nodesensorlog (id, nodeid, datelogged) VALUES (1235, 43, '20230304131741');
INSERT INTO public.nodesensorlog (id, nodeid, datelogged) VALUES (1236, 47, '20230304131802');
INSERT INTO public.nodesensorlog (id, nodeid, datelogged) VALUES (1237, 45, '20230304131848');
INSERT INTO public.nodesensorlog (id, nodeid, datelogged) VALUES (1238, 44, '20230304132038');
INSERT INTO public.nodesensorlog (id, nodeid, datelogged) VALUES (1239, 48, '20230304132138');
INSERT INTO public.nodesensorlog (id, nodeid, datelogged) VALUES (1240, 46, '20230304132212');
INSERT INTO public.nodesensorlog (id, nodeid, datelogged) VALUES (1241, 43, '20230304132240');
INSERT INTO public.nodesensorlog (id, nodeid, datelogged) VALUES (1242, 47, '20230304132301');
INSERT INTO public.nodesensorlog (id, nodeid, datelogged) VALUES (1243, 45, '20230304132348');
INSERT INTO public.nodesensorlog (id, nodeid, datelogged) VALUES (1244, 44, '20230304132538');
INSERT INTO public.nodesensorlog (id, nodeid, datelogged) VALUES (1245, 48, '20230304132638');
INSERT INTO public.nodesensorlog (id, nodeid, datelogged) VALUES (1246, 46, '20230304132712');
INSERT INTO public.nodesensorlog (id, nodeid, datelogged) VALUES (1247, 43, '20230304132740');
INSERT INTO public.nodesensorlog (id, nodeid, datelogged) VALUES (1248, 47, '20230304132801');
INSERT INTO public.nodesensorlog (id, nodeid, datelogged) VALUES (1249, 45, '20230304132848');
INSERT INTO public.nodesensorlog (id, nodeid, datelogged) VALUES (1250, 44, '20230304133038');
INSERT INTO public.nodesensorlog (id, nodeid, datelogged) VALUES (1251, 48, '20230304133138');
INSERT INTO public.nodesensorlog (id, nodeid, datelogged) VALUES (1252, 46, '20230304133212');
INSERT INTO public.nodesensorlog (id, nodeid, datelogged) VALUES (1253, 43, '20230304133240');
INSERT INTO public.nodesensorlog (id, nodeid, datelogged) VALUES (1254, 47, '20230304133301');
INSERT INTO public.nodesensorlog (id, nodeid, datelogged) VALUES (1255, 45, '20230304133348');
INSERT INTO public.nodesensorlog (id, nodeid, datelogged) VALUES (1256, 44, '20230304133538');
INSERT INTO public.nodesensorlog (id, nodeid, datelogged) VALUES (1257, 48, '20230304133641');
INSERT INTO public.nodesensorlog (id, nodeid, datelogged) VALUES (1258, 46, '20230304133712');
INSERT INTO public.nodesensorlog (id, nodeid, datelogged) VALUES (1259, 43, '20230304133740');
INSERT INTO public.nodesensorlog (id, nodeid, datelogged) VALUES (1260, 47, '20230304133801');
INSERT INTO public.nodesensorlog (id, nodeid, datelogged) VALUES (1261, 45, '20230304133851');
INSERT INTO public.nodesensorlog (id, nodeid, datelogged) VALUES (1262, 44, '20230304134039');
INSERT INTO public.nodesensorlog (id, nodeid, datelogged) VALUES (1263, 43, '20230304134121');
INSERT INTO public.nodesensorlog (id, nodeid, datelogged) VALUES (1264, 48, '20230304134139');
INSERT INTO public.nodesensorlog (id, nodeid, datelogged) VALUES (1265, 43, '20230304134150');
INSERT INTO public.nodesensorlog (id, nodeid, datelogged) VALUES (1266, 46, '20230304134212');
INSERT INTO public.nodesensorlog (id, nodeid, datelogged) VALUES (1267, 43, '20230304134213');
INSERT INTO public.nodesensorlog (id, nodeid, datelogged) VALUES (1268, 43, '20230304134227');
INSERT INTO public.nodesensorlog (id, nodeid, datelogged) VALUES (1269, 43, '20230304134240');
INSERT INTO public.nodesensorlog (id, nodeid, datelogged) VALUES (1270, 47, '20230304134301');
INSERT INTO public.nodesensorlog (id, nodeid, datelogged) VALUES (1271, 43, '20230304134321');
INSERT INTO public.nodesensorlog (id, nodeid, datelogged) VALUES (1272, 45, '20230304134348');
INSERT INTO public.nodesensorlog (id, nodeid, datelogged) VALUES (1273, 44, '20230304134539');
INSERT INTO public.nodesensorlog (id, nodeid, datelogged) VALUES (1274, 48, '20230304134639');
INSERT INTO public.nodesensorlog (id, nodeid, datelogged) VALUES (1275, 46, '20230304134712');
INSERT INTO public.nodesensorlog (id, nodeid, datelogged) VALUES (1276, 43, '20230304134740');
INSERT INTO public.nodesensorlog (id, nodeid, datelogged) VALUES (1277, 47, '20230304134801');
INSERT INTO public.nodesensorlog (id, nodeid, datelogged) VALUES (1278, 45, '20230304134848');
INSERT INTO public.nodesensorlog (id, nodeid, datelogged) VALUES (1279, 44, '20230304135039');
INSERT INTO public.nodesensorlog (id, nodeid, datelogged) VALUES (1280, 48, '20230304135135');
INSERT INTO public.nodesensorlog (id, nodeid, datelogged) VALUES (1281, 43, '20230304135202');
INSERT INTO public.nodesensorlog (id, nodeid, datelogged) VALUES (1282, 46, '20230304135209');
INSERT INTO public.nodesensorlog (id, nodeid, datelogged) VALUES (1283, 43, '20230304135240');
INSERT INTO public.nodesensorlog (id, nodeid, datelogged) VALUES (1284, 43, '20230304135249');
INSERT INTO public.nodesensorlog (id, nodeid, datelogged) VALUES (1285, 47, '20230304135250');
INSERT INTO public.nodesensorlog (id, nodeid, datelogged) VALUES (1286, 47, '20230304135301');
INSERT INTO public.nodesensorlog (id, nodeid, datelogged) VALUES (1287, 45, '20230304135348');
INSERT INTO public.nodesensorlog (id, nodeid, datelogged) VALUES (1288, 44, '20230304135539');
INSERT INTO public.nodesensorlog (id, nodeid, datelogged) VALUES (1289, 48, '20230304135628');
INSERT INTO public.nodesensorlog (id, nodeid, datelogged) VALUES (1290, 46, '20230304135702');


--
-- TOC entry 3482 (class 0 OID 16462)
-- Dependencies: 230
-- Data for Name: magneticlog; Type: TABLE DATA; Schema: public; Owner: levi
--

INSERT INTO public.magneticlog (id, nodesensorlogid, isclosed) VALUES (1, 71, 0);
INSERT INTO public.magneticlog (id, nodesensorlogid, isclosed) VALUES (2, 74, 0);
INSERT INTO public.magneticlog (id, nodesensorlogid, isclosed) VALUES (3, 78, 0);
INSERT INTO public.magneticlog (id, nodesensorlogid, isclosed) VALUES (4, 84, 0);
INSERT INTO public.magneticlog (id, nodesensorlogid, isclosed) VALUES (5, 90, 0);
INSERT INTO public.magneticlog (id, nodesensorlogid, isclosed) VALUES (6, 96, 0);
INSERT INTO public.magneticlog (id, nodesensorlogid, isclosed) VALUES (7, 102, 0);
INSERT INTO public.magneticlog (id, nodesensorlogid, isclosed) VALUES (8, 108, 0);
INSERT INTO public.magneticlog (id, nodesensorlogid, isclosed) VALUES (9, 114, 0);
INSERT INTO public.magneticlog (id, nodesensorlogid, isclosed) VALUES (10, 120, 0);
INSERT INTO public.magneticlog (id, nodesensorlogid, isclosed) VALUES (11, 126, 0);
INSERT INTO public.magneticlog (id, nodesensorlogid, isclosed) VALUES (12, 132, 0);
INSERT INTO public.magneticlog (id, nodesensorlogid, isclosed) VALUES (13, 138, 0);
INSERT INTO public.magneticlog (id, nodesensorlogid, isclosed) VALUES (14, 144, 0);
INSERT INTO public.magneticlog (id, nodesensorlogid, isclosed) VALUES (15, 150, 0);
INSERT INTO public.magneticlog (id, nodesensorlogid, isclosed) VALUES (16, 156, 0);
INSERT INTO public.magneticlog (id, nodesensorlogid, isclosed) VALUES (17, 162, 0);
INSERT INTO public.magneticlog (id, nodesensorlogid, isclosed) VALUES (18, 168, 0);
INSERT INTO public.magneticlog (id, nodesensorlogid, isclosed) VALUES (19, 174, 0);
INSERT INTO public.magneticlog (id, nodesensorlogid, isclosed) VALUES (20, 180, 0);
INSERT INTO public.magneticlog (id, nodesensorlogid, isclosed) VALUES (21, 186, 0);
INSERT INTO public.magneticlog (id, nodesensorlogid, isclosed) VALUES (22, 192, 0);
INSERT INTO public.magneticlog (id, nodesensorlogid, isclosed) VALUES (23, 198, 0);
INSERT INTO public.magneticlog (id, nodesensorlogid, isclosed) VALUES (24, 204, 0);
INSERT INTO public.magneticlog (id, nodesensorlogid, isclosed) VALUES (25, 210, 0);
INSERT INTO public.magneticlog (id, nodesensorlogid, isclosed) VALUES (26, 216, 0);
INSERT INTO public.magneticlog (id, nodesensorlogid, isclosed) VALUES (27, 222, 0);
INSERT INTO public.magneticlog (id, nodesensorlogid, isclosed) VALUES (28, 228, 0);
INSERT INTO public.magneticlog (id, nodesensorlogid, isclosed) VALUES (29, 234, 0);
INSERT INTO public.magneticlog (id, nodesensorlogid, isclosed) VALUES (30, 240, 0);
INSERT INTO public.magneticlog (id, nodesensorlogid, isclosed) VALUES (31, 246, 0);
INSERT INTO public.magneticlog (id, nodesensorlogid, isclosed) VALUES (32, 252, 0);
INSERT INTO public.magneticlog (id, nodesensorlogid, isclosed) VALUES (33, 258, 0);
INSERT INTO public.magneticlog (id, nodesensorlogid, isclosed) VALUES (34, 264, 0);
INSERT INTO public.magneticlog (id, nodesensorlogid, isclosed) VALUES (35, 270, 0);
INSERT INTO public.magneticlog (id, nodesensorlogid, isclosed) VALUES (36, 276, 0);
INSERT INTO public.magneticlog (id, nodesensorlogid, isclosed) VALUES (37, 282, 0);
INSERT INTO public.magneticlog (id, nodesensorlogid, isclosed) VALUES (38, 288, 0);
INSERT INTO public.magneticlog (id, nodesensorlogid, isclosed) VALUES (39, 294, 0);
INSERT INTO public.magneticlog (id, nodesensorlogid, isclosed) VALUES (40, 300, 0);
INSERT INTO public.magneticlog (id, nodesensorlogid, isclosed) VALUES (41, 306, 0);
INSERT INTO public.magneticlog (id, nodesensorlogid, isclosed) VALUES (42, 312, 0);
INSERT INTO public.magneticlog (id, nodesensorlogid, isclosed) VALUES (43, 318, 0);
INSERT INTO public.magneticlog (id, nodesensorlogid, isclosed) VALUES (44, 324, 0);
INSERT INTO public.magneticlog (id, nodesensorlogid, isclosed) VALUES (45, 330, 0);
INSERT INTO public.magneticlog (id, nodesensorlogid, isclosed) VALUES (46, 336, 0);
INSERT INTO public.magneticlog (id, nodesensorlogid, isclosed) VALUES (47, 342, 0);
INSERT INTO public.magneticlog (id, nodesensorlogid, isclosed) VALUES (48, 348, 0);
INSERT INTO public.magneticlog (id, nodesensorlogid, isclosed) VALUES (49, 354, 0);
INSERT INTO public.magneticlog (id, nodesensorlogid, isclosed) VALUES (50, 360, 0);
INSERT INTO public.magneticlog (id, nodesensorlogid, isclosed) VALUES (51, 366, 0);
INSERT INTO public.magneticlog (id, nodesensorlogid, isclosed) VALUES (52, 372, 0);
INSERT INTO public.magneticlog (id, nodesensorlogid, isclosed) VALUES (53, 378, 0);
INSERT INTO public.magneticlog (id, nodesensorlogid, isclosed) VALUES (54, 384, 0);
INSERT INTO public.magneticlog (id, nodesensorlogid, isclosed) VALUES (55, 390, 0);
INSERT INTO public.magneticlog (id, nodesensorlogid, isclosed) VALUES (56, 396, 0);
INSERT INTO public.magneticlog (id, nodesensorlogid, isclosed) VALUES (57, 402, 0);
INSERT INTO public.magneticlog (id, nodesensorlogid, isclosed) VALUES (58, 408, 0);
INSERT INTO public.magneticlog (id, nodesensorlogid, isclosed) VALUES (59, 414, 0);
INSERT INTO public.magneticlog (id, nodesensorlogid, isclosed) VALUES (60, 420, 0);
INSERT INTO public.magneticlog (id, nodesensorlogid, isclosed) VALUES (61, 426, 0);
INSERT INTO public.magneticlog (id, nodesensorlogid, isclosed) VALUES (62, 432, 0);
INSERT INTO public.magneticlog (id, nodesensorlogid, isclosed) VALUES (63, 438, 0);
INSERT INTO public.magneticlog (id, nodesensorlogid, isclosed) VALUES (64, 444, 0);
INSERT INTO public.magneticlog (id, nodesensorlogid, isclosed) VALUES (65, 450, 0);
INSERT INTO public.magneticlog (id, nodesensorlogid, isclosed) VALUES (66, 456, 0);
INSERT INTO public.magneticlog (id, nodesensorlogid, isclosed) VALUES (67, 462, 0);
INSERT INTO public.magneticlog (id, nodesensorlogid, isclosed) VALUES (68, 468, 0);
INSERT INTO public.magneticlog (id, nodesensorlogid, isclosed) VALUES (69, 474, 0);
INSERT INTO public.magneticlog (id, nodesensorlogid, isclosed) VALUES (70, 480, 0);
INSERT INTO public.magneticlog (id, nodesensorlogid, isclosed) VALUES (71, 486, 0);
INSERT INTO public.magneticlog (id, nodesensorlogid, isclosed) VALUES (72, 492, 0);
INSERT INTO public.magneticlog (id, nodesensorlogid, isclosed) VALUES (73, 498, 0);
INSERT INTO public.magneticlog (id, nodesensorlogid, isclosed) VALUES (74, 504, 0);
INSERT INTO public.magneticlog (id, nodesensorlogid, isclosed) VALUES (75, 510, 0);
INSERT INTO public.magneticlog (id, nodesensorlogid, isclosed) VALUES (76, 516, 0);
INSERT INTO public.magneticlog (id, nodesensorlogid, isclosed) VALUES (77, 522, 0);
INSERT INTO public.magneticlog (id, nodesensorlogid, isclosed) VALUES (78, 528, 0);
INSERT INTO public.magneticlog (id, nodesensorlogid, isclosed) VALUES (79, 534, 0);
INSERT INTO public.magneticlog (id, nodesensorlogid, isclosed) VALUES (80, 540, 0);
INSERT INTO public.magneticlog (id, nodesensorlogid, isclosed) VALUES (81, 546, 0);
INSERT INTO public.magneticlog (id, nodesensorlogid, isclosed) VALUES (82, 552, 0);
INSERT INTO public.magneticlog (id, nodesensorlogid, isclosed) VALUES (83, 558, 0);
INSERT INTO public.magneticlog (id, nodesensorlogid, isclosed) VALUES (84, 564, 0);
INSERT INTO public.magneticlog (id, nodesensorlogid, isclosed) VALUES (85, 570, 0);
INSERT INTO public.magneticlog (id, nodesensorlogid, isclosed) VALUES (86, 576, 0);
INSERT INTO public.magneticlog (id, nodesensorlogid, isclosed) VALUES (87, 582, 0);
INSERT INTO public.magneticlog (id, nodesensorlogid, isclosed) VALUES (88, 588, 0);
INSERT INTO public.magneticlog (id, nodesensorlogid, isclosed) VALUES (89, 594, 0);
INSERT INTO public.magneticlog (id, nodesensorlogid, isclosed) VALUES (90, 600, 0);
INSERT INTO public.magneticlog (id, nodesensorlogid, isclosed) VALUES (91, 606, 0);
INSERT INTO public.magneticlog (id, nodesensorlogid, isclosed) VALUES (92, 612, 0);
INSERT INTO public.magneticlog (id, nodesensorlogid, isclosed) VALUES (93, 618, 0);
INSERT INTO public.magneticlog (id, nodesensorlogid, isclosed) VALUES (94, 624, 0);
INSERT INTO public.magneticlog (id, nodesensorlogid, isclosed) VALUES (95, 630, 0);
INSERT INTO public.magneticlog (id, nodesensorlogid, isclosed) VALUES (96, 636, 0);
INSERT INTO public.magneticlog (id, nodesensorlogid, isclosed) VALUES (97, 642, 0);
INSERT INTO public.magneticlog (id, nodesensorlogid, isclosed) VALUES (98, 648, 0);
INSERT INTO public.magneticlog (id, nodesensorlogid, isclosed) VALUES (99, 654, 0);
INSERT INTO public.magneticlog (id, nodesensorlogid, isclosed) VALUES (100, 660, 0);
INSERT INTO public.magneticlog (id, nodesensorlogid, isclosed) VALUES (101, 666, 0);
INSERT INTO public.magneticlog (id, nodesensorlogid, isclosed) VALUES (102, 672, 0);
INSERT INTO public.magneticlog (id, nodesensorlogid, isclosed) VALUES (103, 678, 0);
INSERT INTO public.magneticlog (id, nodesensorlogid, isclosed) VALUES (104, 684, 0);
INSERT INTO public.magneticlog (id, nodesensorlogid, isclosed) VALUES (105, 690, 0);
INSERT INTO public.magneticlog (id, nodesensorlogid, isclosed) VALUES (106, 696, 0);
INSERT INTO public.magneticlog (id, nodesensorlogid, isclosed) VALUES (107, 702, 0);
INSERT INTO public.magneticlog (id, nodesensorlogid, isclosed) VALUES (108, 708, 0);
INSERT INTO public.magneticlog (id, nodesensorlogid, isclosed) VALUES (109, 714, 0);
INSERT INTO public.magneticlog (id, nodesensorlogid, isclosed) VALUES (110, 720, 0);
INSERT INTO public.magneticlog (id, nodesensorlogid, isclosed) VALUES (111, 726, 0);
INSERT INTO public.magneticlog (id, nodesensorlogid, isclosed) VALUES (112, 732, 0);
INSERT INTO public.magneticlog (id, nodesensorlogid, isclosed) VALUES (113, 738, 0);
INSERT INTO public.magneticlog (id, nodesensorlogid, isclosed) VALUES (114, 744, 0);
INSERT INTO public.magneticlog (id, nodesensorlogid, isclosed) VALUES (115, 750, 0);
INSERT INTO public.magneticlog (id, nodesensorlogid, isclosed) VALUES (116, 756, 0);
INSERT INTO public.magneticlog (id, nodesensorlogid, isclosed) VALUES (117, 762, 0);
INSERT INTO public.magneticlog (id, nodesensorlogid, isclosed) VALUES (118, 768, 0);
INSERT INTO public.magneticlog (id, nodesensorlogid, isclosed) VALUES (119, 774, 0);
INSERT INTO public.magneticlog (id, nodesensorlogid, isclosed) VALUES (120, 780, 0);
INSERT INTO public.magneticlog (id, nodesensorlogid, isclosed) VALUES (121, 786, 0);
INSERT INTO public.magneticlog (id, nodesensorlogid, isclosed) VALUES (122, 792, 0);
INSERT INTO public.magneticlog (id, nodesensorlogid, isclosed) VALUES (123, 798, 0);
INSERT INTO public.magneticlog (id, nodesensorlogid, isclosed) VALUES (124, 804, 0);
INSERT INTO public.magneticlog (id, nodesensorlogid, isclosed) VALUES (125, 810, 0);
INSERT INTO public.magneticlog (id, nodesensorlogid, isclosed) VALUES (126, 816, 0);
INSERT INTO public.magneticlog (id, nodesensorlogid, isclosed) VALUES (127, 822, 0);
INSERT INTO public.magneticlog (id, nodesensorlogid, isclosed) VALUES (128, 828, 0);
INSERT INTO public.magneticlog (id, nodesensorlogid, isclosed) VALUES (129, 834, 0);
INSERT INTO public.magneticlog (id, nodesensorlogid, isclosed) VALUES (130, 840, 0);
INSERT INTO public.magneticlog (id, nodesensorlogid, isclosed) VALUES (131, 846, 0);
INSERT INTO public.magneticlog (id, nodesensorlogid, isclosed) VALUES (132, 852, 0);
INSERT INTO public.magneticlog (id, nodesensorlogid, isclosed) VALUES (133, 858, 0);
INSERT INTO public.magneticlog (id, nodesensorlogid, isclosed) VALUES (134, 864, 0);
INSERT INTO public.magneticlog (id, nodesensorlogid, isclosed) VALUES (135, 870, 0);
INSERT INTO public.magneticlog (id, nodesensorlogid, isclosed) VALUES (136, 876, 0);
INSERT INTO public.magneticlog (id, nodesensorlogid, isclosed) VALUES (137, 882, 0);
INSERT INTO public.magneticlog (id, nodesensorlogid, isclosed) VALUES (138, 888, 0);
INSERT INTO public.magneticlog (id, nodesensorlogid, isclosed) VALUES (139, 894, 0);
INSERT INTO public.magneticlog (id, nodesensorlogid, isclosed) VALUES (140, 900, 0);
INSERT INTO public.magneticlog (id, nodesensorlogid, isclosed) VALUES (141, 905, 0);
INSERT INTO public.magneticlog (id, nodesensorlogid, isclosed) VALUES (142, 911, 0);
INSERT INTO public.magneticlog (id, nodesensorlogid, isclosed) VALUES (143, 917, 0);
INSERT INTO public.magneticlog (id, nodesensorlogid, isclosed) VALUES (144, 923, 0);
INSERT INTO public.magneticlog (id, nodesensorlogid, isclosed) VALUES (145, 929, 0);
INSERT INTO public.magneticlog (id, nodesensorlogid, isclosed) VALUES (146, 935, 0);
INSERT INTO public.magneticlog (id, nodesensorlogid, isclosed) VALUES (147, 941, 0);
INSERT INTO public.magneticlog (id, nodesensorlogid, isclosed) VALUES (148, 947, 0);
INSERT INTO public.magneticlog (id, nodesensorlogid, isclosed) VALUES (149, 953, 0);
INSERT INTO public.magneticlog (id, nodesensorlogid, isclosed) VALUES (150, 959, 0);
INSERT INTO public.magneticlog (id, nodesensorlogid, isclosed) VALUES (151, 965, 0);
INSERT INTO public.magneticlog (id, nodesensorlogid, isclosed) VALUES (152, 971, 0);
INSERT INTO public.magneticlog (id, nodesensorlogid, isclosed) VALUES (153, 977, 0);
INSERT INTO public.magneticlog (id, nodesensorlogid, isclosed) VALUES (154, 983, 0);
INSERT INTO public.magneticlog (id, nodesensorlogid, isclosed) VALUES (155, 989, 0);
INSERT INTO public.magneticlog (id, nodesensorlogid, isclosed) VALUES (156, 995, 0);
INSERT INTO public.magneticlog (id, nodesensorlogid, isclosed) VALUES (157, 1001, 0);
INSERT INTO public.magneticlog (id, nodesensorlogid, isclosed) VALUES (158, 1007, 0);
INSERT INTO public.magneticlog (id, nodesensorlogid, isclosed) VALUES (159, 1013, 0);
INSERT INTO public.magneticlog (id, nodesensorlogid, isclosed) VALUES (160, 1019, 0);
INSERT INTO public.magneticlog (id, nodesensorlogid, isclosed) VALUES (161, 1025, 0);
INSERT INTO public.magneticlog (id, nodesensorlogid, isclosed) VALUES (162, 1031, 0);
INSERT INTO public.magneticlog (id, nodesensorlogid, isclosed) VALUES (163, 1037, 0);
INSERT INTO public.magneticlog (id, nodesensorlogid, isclosed) VALUES (164, 1043, 0);
INSERT INTO public.magneticlog (id, nodesensorlogid, isclosed) VALUES (165, 1049, 0);
INSERT INTO public.magneticlog (id, nodesensorlogid, isclosed) VALUES (166, 1055, 0);
INSERT INTO public.magneticlog (id, nodesensorlogid, isclosed) VALUES (167, 1061, 0);
INSERT INTO public.magneticlog (id, nodesensorlogid, isclosed) VALUES (168, 1067, 0);
INSERT INTO public.magneticlog (id, nodesensorlogid, isclosed) VALUES (169, 1073, 0);
INSERT INTO public.magneticlog (id, nodesensorlogid, isclosed) VALUES (170, 1079, 0);
INSERT INTO public.magneticlog (id, nodesensorlogid, isclosed) VALUES (171, 1085, 0);
INSERT INTO public.magneticlog (id, nodesensorlogid, isclosed) VALUES (172, 1091, 0);
INSERT INTO public.magneticlog (id, nodesensorlogid, isclosed) VALUES (173, 1097, 0);
INSERT INTO public.magneticlog (id, nodesensorlogid, isclosed) VALUES (174, 1103, 0);
INSERT INTO public.magneticlog (id, nodesensorlogid, isclosed) VALUES (175, 1109, 0);
INSERT INTO public.magneticlog (id, nodesensorlogid, isclosed) VALUES (176, 1115, 0);
INSERT INTO public.magneticlog (id, nodesensorlogid, isclosed) VALUES (177, 1121, 0);
INSERT INTO public.magneticlog (id, nodesensorlogid, isclosed) VALUES (178, 1127, 0);
INSERT INTO public.magneticlog (id, nodesensorlogid, isclosed) VALUES (179, 1133, 0);
INSERT INTO public.magneticlog (id, nodesensorlogid, isclosed) VALUES (180, 1139, 0);
INSERT INTO public.magneticlog (id, nodesensorlogid, isclosed) VALUES (181, 1145, 0);
INSERT INTO public.magneticlog (id, nodesensorlogid, isclosed) VALUES (182, 1151, 0);
INSERT INTO public.magneticlog (id, nodesensorlogid, isclosed) VALUES (183, 1157, 0);
INSERT INTO public.magneticlog (id, nodesensorlogid, isclosed) VALUES (184, 1163, 0);
INSERT INTO public.magneticlog (id, nodesensorlogid, isclosed) VALUES (185, 1169, 0);
INSERT INTO public.magneticlog (id, nodesensorlogid, isclosed) VALUES (186, 1175, 0);
INSERT INTO public.magneticlog (id, nodesensorlogid, isclosed) VALUES (187, 1181, 0);
INSERT INTO public.magneticlog (id, nodesensorlogid, isclosed) VALUES (188, 1187, 0);
INSERT INTO public.magneticlog (id, nodesensorlogid, isclosed) VALUES (189, 1193, 0);
INSERT INTO public.magneticlog (id, nodesensorlogid, isclosed) VALUES (190, 1199, 0);
INSERT INTO public.magneticlog (id, nodesensorlogid, isclosed) VALUES (191, 1205, 0);
INSERT INTO public.magneticlog (id, nodesensorlogid, isclosed) VALUES (192, 1211, 0);
INSERT INTO public.magneticlog (id, nodesensorlogid, isclosed) VALUES (193, 1217, 0);
INSERT INTO public.magneticlog (id, nodesensorlogid, isclosed) VALUES (194, 1223, 0);
INSERT INTO public.magneticlog (id, nodesensorlogid, isclosed) VALUES (195, 1229, 0);
INSERT INTO public.magneticlog (id, nodesensorlogid, isclosed) VALUES (196, 1235, 0);
INSERT INTO public.magneticlog (id, nodesensorlogid, isclosed) VALUES (197, 1241, 0);
INSERT INTO public.magneticlog (id, nodesensorlogid, isclosed) VALUES (198, 1247, 0);
INSERT INTO public.magneticlog (id, nodesensorlogid, isclosed) VALUES (199, 1253, 0);
INSERT INTO public.magneticlog (id, nodesensorlogid, isclosed) VALUES (200, 1259, 0);
INSERT INTO public.magneticlog (id, nodesensorlogid, isclosed) VALUES (201, 1263, 0);
INSERT INTO public.magneticlog (id, nodesensorlogid, isclosed) VALUES (202, 1265, 0);
INSERT INTO public.magneticlog (id, nodesensorlogid, isclosed) VALUES (203, 1267, 0);
INSERT INTO public.magneticlog (id, nodesensorlogid, isclosed) VALUES (204, 1268, 0);
INSERT INTO public.magneticlog (id, nodesensorlogid, isclosed) VALUES (205, 1269, 0);
INSERT INTO public.magneticlog (id, nodesensorlogid, isclosed) VALUES (206, 1271, 0);
INSERT INTO public.magneticlog (id, nodesensorlogid, isclosed) VALUES (207, 1276, 0);
INSERT INTO public.magneticlog (id, nodesensorlogid, isclosed) VALUES (208, 1281, 0);
INSERT INTO public.magneticlog (id, nodesensorlogid, isclosed) VALUES (209, 1283, 0);
INSERT INTO public.magneticlog (id, nodesensorlogid, isclosed) VALUES (210, 1284, 0);


--
-- TOC entry 3481 (class 0 OID 16459)
-- Dependencies: 229
-- Data for Name: moisturelog; Type: TABLE DATA; Schema: public; Owner: levi
--



--
-- TOC entry 3468 (class 0 OID 16396)
-- Dependencies: 216
-- Data for Name: sensortype; Type: TABLE DATA; Schema: public; Owner: levi
--

INSERT INTO public.sensortype (id, name) VALUES (1, 'DHT');
INSERT INTO public.sensortype (id, name) VALUES (2, 'Moisture');
INSERT INTO public.sensortype (id, name) VALUES (3, 'Magnetic');
INSERT INTO public.sensortype (id, name) VALUES (4, 'Photoresistor');


--
-- TOC entry 3472 (class 0 OID 16416)
-- Dependencies: 220
-- Data for Name: nodesensor; Type: TABLE DATA; Schema: public; Owner: levi
--

INSERT INTO public.nodesensor (id, nodeid, sensortypeid, name, pin, dhttype) VALUES (48, 43, 1, 'Temp', 26, 11);
INSERT INTO public.nodesensor (id, nodeid, sensortypeid, name, pin, dhttype) VALUES (49, 43, 3, 'Door Status', 27, 11);
INSERT INTO public.nodesensor (id, nodeid, sensortypeid, name, pin, dhttype) VALUES (50, 44, 1, 'Temp', 13, 11);
INSERT INTO public.nodesensor (id, nodeid, sensortypeid, name, pin, dhttype) VALUES (51, 45, 1, 'Temp', 13, 11);
INSERT INTO public.nodesensor (id, nodeid, sensortypeid, name, pin, dhttype) VALUES (52, 46, 1, 'Temp', 27, 11);
INSERT INTO public.nodesensor (id, nodeid, sensortypeid, name, pin, dhttype) VALUES (53, 47, 1, 'Temp', 33, 11);
INSERT INTO public.nodesensor (id, nodeid, sensortypeid, name, pin, dhttype) VALUES (54, 48, 1, 'Temp', 4, 11);


--
-- TOC entry 3470 (class 0 OID 16406)
-- Dependencies: 218
-- Data for Name: switchtype; Type: TABLE DATA; Schema: public; Owner: levi
--

INSERT INTO public.switchtype (id, name) VALUES (1, 'Momentary');
INSERT INTO public.switchtype (id, name) VALUES (2, 'Toggle');


--
-- TOC entry 3473 (class 0 OID 16421)
-- Dependencies: 221
-- Data for Name: nodeswitch; Type: TABLE DATA; Schema: public; Owner: levi
--

INSERT INTO public.nodeswitch (id, nodeid, switchtypeid, name, pin, momentarypressduration, isclosedon) VALUES (28, 43, 1, 'Door Button', 25, 150, 1);


--
-- TOC entry 3483 (class 0 OID 16466)
-- Dependencies: 231
-- Data for Name: resistorlog; Type: TABLE DATA; Schema: public; Owner: levi
--



--
-- TOC entry 3469 (class 0 OID 16401)
-- Dependencies: 217
-- Data for Name: sensortypedata; Type: TABLE DATA; Schema: public; Owner: levi
--

INSERT INTO public.sensortypedata (id, sensortypeid, name, valuetype) VALUES (1, 1, 'TemperatureF', 'float');
INSERT INTO public.sensortypedata (id, sensortypeid, name, valuetype) VALUES (2, 1, 'TemperatureC', 'float');
INSERT INTO public.sensortypedata (id, sensortypeid, name, valuetype) VALUES (3, 1, 'Humidity', 'float');
INSERT INTO public.sensortypedata (id, sensortypeid, name, valuetype) VALUES (4, 2, 'Moisture', 'int');
INSERT INTO public.sensortypedata (id, sensortypeid, name, valuetype) VALUES (5, 3, 'IsClosed', 'int');
INSERT INTO public.sensortypedata (id, sensortypeid, name, valuetype) VALUES (6, 4, 'ResistorValue', 'int');


--
-- TOC entry 3480 (class 0 OID 16456)
-- Dependencies: 228
-- Data for Name: templog; Type: TABLE DATA; Schema: public; Owner: levi
--

INSERT INTO public.templog (id, nodesensorlogid, temperaturef, temperaturec, humidity) VALUES (1, 56, 71.96, 22.2, 28);
INSERT INTO public.templog (id, nodesensorlogid, temperaturef, temperaturec, humidity) VALUES (2, 57, 75.2, 24, 19);
INSERT INTO public.templog (id, nodesensorlogid, temperaturef, temperaturec, humidity) VALUES (3, 58, 44.96, 7.2, 51);
INSERT INTO public.templog (id, nodesensorlogid, temperaturef, temperaturec, humidity) VALUES (4, 59, 73.58, 23.1, 29);
INSERT INTO public.templog (id, nodesensorlogid, temperaturef, temperaturec, humidity) VALUES (5, 60, 43.34, 6.3, 50);
INSERT INTO public.templog (id, nodesensorlogid, temperaturef, temperaturec, humidity) VALUES (6, 61, 43.16, 6.2, 50);
INSERT INTO public.templog (id, nodesensorlogid, temperaturef, temperaturec, humidity) VALUES (7, 62, 43.16, 6.2, 50);
INSERT INTO public.templog (id, nodesensorlogid, temperaturef, temperaturec, humidity) VALUES (8, 63, 71.06, 21.7, 28);
INSERT INTO public.templog (id, nodesensorlogid, temperaturef, temperaturec, humidity) VALUES (9, 64, 70.34, 21.3, 30);
INSERT INTO public.templog (id, nodesensorlogid, temperaturef, temperaturec, humidity) VALUES (10, 65, 71.78, 22.1, 31);
INSERT INTO public.templog (id, nodesensorlogid, temperaturef, temperaturec, humidity) VALUES (11, 66, 75.2, 24, 19);
INSERT INTO public.templog (id, nodesensorlogid, temperaturef, temperaturec, humidity) VALUES (12, 67, 73.58, 23.1, 30);
INSERT INTO public.templog (id, nodesensorlogid, temperaturef, temperaturec, humidity) VALUES (13, 68, 43.16, 6.2, 50);
INSERT INTO public.templog (id, nodesensorlogid, temperaturef, temperaturec, humidity) VALUES (14, 69, 71.06, 21.7, 28);
INSERT INTO public.templog (id, nodesensorlogid, temperaturef, temperaturec, humidity) VALUES (15, 70, 70.16, 21.2, 31);
INSERT INTO public.templog (id, nodesensorlogid, temperaturef, temperaturec, humidity) VALUES (16, 71, 42.98, 6.1, 50);
INSERT INTO public.templog (id, nodesensorlogid, temperaturef, temperaturec, humidity) VALUES (17, 72, 71.6, 22, 28);
INSERT INTO public.templog (id, nodesensorlogid, temperaturef, temperaturec, humidity) VALUES (18, 73, 75.2, 24, 19);
INSERT INTO public.templog (id, nodesensorlogid, temperaturef, temperaturec, humidity) VALUES (19, 74, 42.98, 6.1, 50);
INSERT INTO public.templog (id, nodesensorlogid, temperaturef, temperaturec, humidity) VALUES (20, 75, 72.5, 22.5, 28);
INSERT INTO public.templog (id, nodesensorlogid, temperaturef, temperaturec, humidity) VALUES (21, 76, 75.2, 24, 19);
INSERT INTO public.templog (id, nodesensorlogid, temperaturef, temperaturec, humidity) VALUES (22, 77, 73.58, 23.1, 29);
INSERT INTO public.templog (id, nodesensorlogid, temperaturef, temperaturec, humidity) VALUES (23, 78, 42.98, 6.1, 50);
INSERT INTO public.templog (id, nodesensorlogid, temperaturef, temperaturec, humidity) VALUES (24, 79, 71.6, 22, 28);
INSERT INTO public.templog (id, nodesensorlogid, temperaturef, temperaturec, humidity) VALUES (25, 80, 70.34, 21.3, 31);
INSERT INTO public.templog (id, nodesensorlogid, temperaturef, temperaturec, humidity) VALUES (26, 81, 72.5, 22.5, 29);
INSERT INTO public.templog (id, nodesensorlogid, temperaturef, temperaturec, humidity) VALUES (27, 82, 75.2, 24, 19);
INSERT INTO public.templog (id, nodesensorlogid, temperaturef, temperaturec, humidity) VALUES (28, 83, 73.58, 23.1, 30);
INSERT INTO public.templog (id, nodesensorlogid, temperaturef, temperaturec, humidity) VALUES (29, 84, 42.98, 6.1, 50);
INSERT INTO public.templog (id, nodesensorlogid, temperaturef, temperaturec, humidity) VALUES (30, 85, 71.42, 21.9, 28);
INSERT INTO public.templog (id, nodesensorlogid, temperaturef, temperaturec, humidity) VALUES (31, 86, 70.34, 21.3, 31);
INSERT INTO public.templog (id, nodesensorlogid, temperaturef, temperaturec, humidity) VALUES (32, 87, 71.96, 22.2, 29);
INSERT INTO public.templog (id, nodesensorlogid, temperaturef, temperaturec, humidity) VALUES (33, 88, 75.2, 24, 19);
INSERT INTO public.templog (id, nodesensorlogid, temperaturef, temperaturec, humidity) VALUES (34, 89, 73.58, 23.1, 30);
INSERT INTO public.templog (id, nodesensorlogid, temperaturef, temperaturec, humidity) VALUES (35, 90, 43.88, 6.6, 51);
INSERT INTO public.templog (id, nodesensorlogid, temperaturef, temperaturec, humidity) VALUES (36, 91, 71.42, 21.9, 29);
INSERT INTO public.templog (id, nodesensorlogid, temperaturef, temperaturec, humidity) VALUES (37, 92, 70.34, 21.3, 31);
INSERT INTO public.templog (id, nodesensorlogid, temperaturef, temperaturec, humidity) VALUES (38, 93, 71.96, 22.2, 30);
INSERT INTO public.templog (id, nodesensorlogid, temperaturef, temperaturec, humidity) VALUES (39, 94, 73.4, 23, 19);
INSERT INTO public.templog (id, nodesensorlogid, temperaturef, temperaturec, humidity) VALUES (40, 95, 72.86, 22.7, 29);
INSERT INTO public.templog (id, nodesensorlogid, temperaturef, temperaturec, humidity) VALUES (41, 96, 44.24, 6.8, 49);
INSERT INTO public.templog (id, nodesensorlogid, temperaturef, temperaturec, humidity) VALUES (42, 97, 71.24, 21.8, 29);
INSERT INTO public.templog (id, nodesensorlogid, temperaturef, temperaturec, humidity) VALUES (43, 98, 70.34, 21.3, 31);
INSERT INTO public.templog (id, nodesensorlogid, temperaturef, temperaturec, humidity) VALUES (44, 99, 72.5, 22.5, 28);
INSERT INTO public.templog (id, nodesensorlogid, temperaturef, temperaturec, humidity) VALUES (45, 100, 71.6, 22, 20);
INSERT INTO public.templog (id, nodesensorlogid, temperaturef, temperaturec, humidity) VALUES (46, 101, 73.22, 22.9, 29);
INSERT INTO public.templog (id, nodesensorlogid, temperaturef, temperaturec, humidity) VALUES (47, 102, 44.06, 6.7, 48);
INSERT INTO public.templog (id, nodesensorlogid, temperaturef, temperaturec, humidity) VALUES (48, 103, 71.42, 21.9, 29);
INSERT INTO public.templog (id, nodesensorlogid, temperaturef, temperaturec, humidity) VALUES (49, 104, 70.34, 21.3, 31);
INSERT INTO public.templog (id, nodesensorlogid, temperaturef, temperaturec, humidity) VALUES (50, 105, 72.5, 22.5, 28);
INSERT INTO public.templog (id, nodesensorlogid, temperaturef, temperaturec, humidity) VALUES (51, 106, 71.6, 22, 20);
INSERT INTO public.templog (id, nodesensorlogid, temperaturef, temperaturec, humidity) VALUES (52, 107, 73.4, 23, 30);
INSERT INTO public.templog (id, nodesensorlogid, temperaturef, temperaturec, humidity) VALUES (53, 108, 44.24, 6.8, 48);
INSERT INTO public.templog (id, nodesensorlogid, temperaturef, temperaturec, humidity) VALUES (54, 109, 71.24, 21.8, 28);
INSERT INTO public.templog (id, nodesensorlogid, temperaturef, temperaturec, humidity) VALUES (55, 110, 70.34, 21.3, 31);
INSERT INTO public.templog (id, nodesensorlogid, temperaturef, temperaturec, humidity) VALUES (56, 111, 72.14, 22.3, 29);
INSERT INTO public.templog (id, nodesensorlogid, temperaturef, temperaturec, humidity) VALUES (57, 112, 75.2, 24, 19);
INSERT INTO public.templog (id, nodesensorlogid, temperaturef, temperaturec, humidity) VALUES (58, 113, 73.4, 23, 31);
INSERT INTO public.templog (id, nodesensorlogid, temperaturef, temperaturec, humidity) VALUES (59, 114, 44.78, 7.1, 47);
INSERT INTO public.templog (id, nodesensorlogid, temperaturef, temperaturec, humidity) VALUES (60, 115, 71.06, 21.7, 28);
INSERT INTO public.templog (id, nodesensorlogid, temperaturef, temperaturec, humidity) VALUES (61, 116, 70.34, 21.3, 31);
INSERT INTO public.templog (id, nodesensorlogid, temperaturef, temperaturec, humidity) VALUES (62, 117, 71.96, 22.2, 29);
INSERT INTO public.templog (id, nodesensorlogid, temperaturef, temperaturec, humidity) VALUES (63, 118, 75.2, 24, 19);
INSERT INTO public.templog (id, nodesensorlogid, temperaturef, temperaturec, humidity) VALUES (64, 119, 73.4, 23, 31);
INSERT INTO public.templog (id, nodesensorlogid, temperaturef, temperaturec, humidity) VALUES (65, 120, 44.78, 7.1, 47);
INSERT INTO public.templog (id, nodesensorlogid, temperaturef, temperaturec, humidity) VALUES (66, 121, 70.88, 21.6, 28);
INSERT INTO public.templog (id, nodesensorlogid, temperaturef, temperaturec, humidity) VALUES (67, 122, 70.34, 21.3, 31);
INSERT INTO public.templog (id, nodesensorlogid, temperaturef, temperaturec, humidity) VALUES (68, 123, 72.32, 22.4, 29);
INSERT INTO public.templog (id, nodesensorlogid, temperaturef, temperaturec, humidity) VALUES (69, 124, 75.2, 24, 19);
INSERT INTO public.templog (id, nodesensorlogid, temperaturef, temperaturec, humidity) VALUES (70, 125, 73.58, 23.1, 31);
INSERT INTO public.templog (id, nodesensorlogid, temperaturef, temperaturec, humidity) VALUES (71, 126, 44.96, 7.2, 47);
INSERT INTO public.templog (id, nodesensorlogid, temperaturef, temperaturec, humidity) VALUES (72, 127, 71.24, 21.8, 28);
INSERT INTO public.templog (id, nodesensorlogid, temperaturef, temperaturec, humidity) VALUES (73, 128, 70.34, 21.3, 31);
INSERT INTO public.templog (id, nodesensorlogid, temperaturef, temperaturec, humidity) VALUES (74, 129, 72.5, 22.5, 29);
INSERT INTO public.templog (id, nodesensorlogid, temperaturef, temperaturec, humidity) VALUES (75, 130, 75.2, 24, 19);
INSERT INTO public.templog (id, nodesensorlogid, temperaturef, temperaturec, humidity) VALUES (76, 131, 73.58, 23.1, 31);
INSERT INTO public.templog (id, nodesensorlogid, temperaturef, temperaturec, humidity) VALUES (77, 132, 45.14, 7.3, 48);
INSERT INTO public.templog (id, nodesensorlogid, temperaturef, temperaturec, humidity) VALUES (78, 133, 71.06, 21.7, 28);
INSERT INTO public.templog (id, nodesensorlogid, temperaturef, temperaturec, humidity) VALUES (79, 134, 70.34, 21.3, 31);
INSERT INTO public.templog (id, nodesensorlogid, temperaturef, temperaturec, humidity) VALUES (80, 135, 71.96, 22.2, 29);
INSERT INTO public.templog (id, nodesensorlogid, temperaturef, temperaturec, humidity) VALUES (81, 136, 75.2, 24, 19);
INSERT INTO public.templog (id, nodesensorlogid, temperaturef, temperaturec, humidity) VALUES (82, 137, 73.58, 23.1, 31);
INSERT INTO public.templog (id, nodesensorlogid, temperaturef, temperaturec, humidity) VALUES (83, 138, 45.14, 7.3, 49);
INSERT INTO public.templog (id, nodesensorlogid, temperaturef, temperaturec, humidity) VALUES (84, 139, 70.88, 21.6, 28);
INSERT INTO public.templog (id, nodesensorlogid, temperaturef, temperaturec, humidity) VALUES (85, 140, 70.34, 21.3, 31);
INSERT INTO public.templog (id, nodesensorlogid, temperaturef, temperaturec, humidity) VALUES (86, 141, 71.96, 22.2, 29);
INSERT INTO public.templog (id, nodesensorlogid, temperaturef, temperaturec, humidity) VALUES (87, 142, 75.2, 24, 19);
INSERT INTO public.templog (id, nodesensorlogid, temperaturef, temperaturec, humidity) VALUES (88, 143, 73.58, 23.1, 31);
INSERT INTO public.templog (id, nodesensorlogid, temperaturef, temperaturec, humidity) VALUES (89, 144, 45.14, 7.3, 50);
INSERT INTO public.templog (id, nodesensorlogid, temperaturef, temperaturec, humidity) VALUES (90, 145, 70.88, 21.6, 28);
INSERT INTO public.templog (id, nodesensorlogid, temperaturef, temperaturec, humidity) VALUES (91, 146, 70.34, 21.3, 31);
INSERT INTO public.templog (id, nodesensorlogid, temperaturef, temperaturec, humidity) VALUES (92, 147, 72.5, 22.5, 29);
INSERT INTO public.templog (id, nodesensorlogid, temperaturef, temperaturec, humidity) VALUES (93, 148, 75.2, 24, 19);
INSERT INTO public.templog (id, nodesensorlogid, temperaturef, temperaturec, humidity) VALUES (94, 149, 73.76, 23.2, 30);
INSERT INTO public.templog (id, nodesensorlogid, temperaturef, temperaturec, humidity) VALUES (95, 150, 45.32, 7.4, 50);
INSERT INTO public.templog (id, nodesensorlogid, temperaturef, temperaturec, humidity) VALUES (96, 151, 71.24, 21.8, 28);
INSERT INTO public.templog (id, nodesensorlogid, temperaturef, temperaturec, humidity) VALUES (97, 152, 70.52, 21.4, 31);
INSERT INTO public.templog (id, nodesensorlogid, temperaturef, temperaturec, humidity) VALUES (98, 153, 72.32, 22.4, 29);
INSERT INTO public.templog (id, nodesensorlogid, temperaturef, temperaturec, humidity) VALUES (99, 154, 75.2, 24, 19);
INSERT INTO public.templog (id, nodesensorlogid, temperaturef, temperaturec, humidity) VALUES (100, 155, 73.58, 23.1, 30);
INSERT INTO public.templog (id, nodesensorlogid, temperaturef, temperaturec, humidity) VALUES (101, 156, 45.14, 7.3, 51);
INSERT INTO public.templog (id, nodesensorlogid, temperaturef, temperaturec, humidity) VALUES (102, 157, 71.06, 21.7, 28);
INSERT INTO public.templog (id, nodesensorlogid, temperaturef, temperaturec, humidity) VALUES (103, 158, 70.34, 21.3, 31);
INSERT INTO public.templog (id, nodesensorlogid, temperaturef, temperaturec, humidity) VALUES (104, 159, 71.96, 22.2, 30);
INSERT INTO public.templog (id, nodesensorlogid, temperaturef, temperaturec, humidity) VALUES (105, 160, 77, 25, 18);
INSERT INTO public.templog (id, nodesensorlogid, temperaturef, temperaturec, humidity) VALUES (106, 161, 73.58, 23.1, 30);
INSERT INTO public.templog (id, nodesensorlogid, temperaturef, temperaturec, humidity) VALUES (107, 162, 44.96, 7.2, 51);
INSERT INTO public.templog (id, nodesensorlogid, temperaturef, temperaturec, humidity) VALUES (108, 163, 70.88, 21.6, 28);
INSERT INTO public.templog (id, nodesensorlogid, temperaturef, temperaturec, humidity) VALUES (109, 164, 70.34, 21.3, 31);
INSERT INTO public.templog (id, nodesensorlogid, temperaturef, temperaturec, humidity) VALUES (110, 165, 71.78, 22.1, 30);
INSERT INTO public.templog (id, nodesensorlogid, temperaturef, temperaturec, humidity) VALUES (111, 166, 77, 25, 18);
INSERT INTO public.templog (id, nodesensorlogid, temperaturef, temperaturec, humidity) VALUES (112, 167, 73.58, 23.1, 30);
INSERT INTO public.templog (id, nodesensorlogid, temperaturef, temperaturec, humidity) VALUES (113, 168, 45.14, 7.3, 52);
INSERT INTO public.templog (id, nodesensorlogid, temperaturef, temperaturec, humidity) VALUES (114, 169, 70.88, 21.6, 28);
INSERT INTO public.templog (id, nodesensorlogid, temperaturef, temperaturec, humidity) VALUES (115, 170, 70.34, 21.3, 31);
INSERT INTO public.templog (id, nodesensorlogid, temperaturef, temperaturec, humidity) VALUES (116, 171, 72.5, 22.5, 29);
INSERT INTO public.templog (id, nodesensorlogid, temperaturef, temperaturec, humidity) VALUES (117, 172, 75.2, 24, 19);
INSERT INTO public.templog (id, nodesensorlogid, temperaturef, temperaturec, humidity) VALUES (118, 173, 73.58, 23.1, 30);
INSERT INTO public.templog (id, nodesensorlogid, temperaturef, temperaturec, humidity) VALUES (119, 174, 45.5, 7.5, 52);
INSERT INTO public.templog (id, nodesensorlogid, temperaturef, temperaturec, humidity) VALUES (120, 175, 71.24, 21.8, 28);
INSERT INTO public.templog (id, nodesensorlogid, temperaturef, temperaturec, humidity) VALUES (121, 176, 70.52, 21.4, 31);
INSERT INTO public.templog (id, nodesensorlogid, temperaturef, temperaturec, humidity) VALUES (122, 177, 72.32, 22.4, 29);
INSERT INTO public.templog (id, nodesensorlogid, temperaturef, temperaturec, humidity) VALUES (123, 178, 75.2, 24, 19);
INSERT INTO public.templog (id, nodesensorlogid, temperaturef, temperaturec, humidity) VALUES (124, 179, 73.58, 23.1, 30);
INSERT INTO public.templog (id, nodesensorlogid, temperaturef, temperaturec, humidity) VALUES (125, 180, 45.5, 7.5, 52);
INSERT INTO public.templog (id, nodesensorlogid, temperaturef, temperaturec, humidity) VALUES (126, 181, 71.06, 21.7, 28);
INSERT INTO public.templog (id, nodesensorlogid, temperaturef, temperaturec, humidity) VALUES (127, 182, 70.52, 21.4, 31);
INSERT INTO public.templog (id, nodesensorlogid, temperaturef, temperaturec, humidity) VALUES (128, 183, 71.96, 22.2, 29);
INSERT INTO public.templog (id, nodesensorlogid, temperaturef, temperaturec, humidity) VALUES (129, 184, 77, 25, 18);
INSERT INTO public.templog (id, nodesensorlogid, temperaturef, temperaturec, humidity) VALUES (130, 185, 73.58, 23.1, 30);
INSERT INTO public.templog (id, nodesensorlogid, temperaturef, temperaturec, humidity) VALUES (131, 186, 45.5, 7.5, 52);
INSERT INTO public.templog (id, nodesensorlogid, temperaturef, temperaturec, humidity) VALUES (132, 187, 70.88, 21.6, 28);
INSERT INTO public.templog (id, nodesensorlogid, temperaturef, temperaturec, humidity) VALUES (133, 188, 70.34, 21.3, 31);
INSERT INTO public.templog (id, nodesensorlogid, temperaturef, temperaturec, humidity) VALUES (134, 189, 71.78, 22.1, 30);
INSERT INTO public.templog (id, nodesensorlogid, temperaturef, temperaturec, humidity) VALUES (135, 190, 77, 25, 18);
INSERT INTO public.templog (id, nodesensorlogid, temperaturef, temperaturec, humidity) VALUES (136, 191, 73.58, 23.1, 30);
INSERT INTO public.templog (id, nodesensorlogid, temperaturef, temperaturec, humidity) VALUES (137, 192, 45.32, 7.4, 52);
INSERT INTO public.templog (id, nodesensorlogid, temperaturef, temperaturec, humidity) VALUES (138, 193, 70.88, 21.6, 28);
INSERT INTO public.templog (id, nodesensorlogid, temperaturef, temperaturec, humidity) VALUES (139, 194, 70.34, 21.3, 31);
INSERT INTO public.templog (id, nodesensorlogid, temperaturef, temperaturec, humidity) VALUES (140, 195, 72.32, 22.4, 29);
INSERT INTO public.templog (id, nodesensorlogid, temperaturef, temperaturec, humidity) VALUES (141, 196, 75.2, 24, 19);
INSERT INTO public.templog (id, nodesensorlogid, temperaturef, temperaturec, humidity) VALUES (142, 197, 73.58, 23.1, 30);
INSERT INTO public.templog (id, nodesensorlogid, temperaturef, temperaturec, humidity) VALUES (143, 198, 45.32, 7.4, 53);
INSERT INTO public.templog (id, nodesensorlogid, temperaturef, temperaturec, humidity) VALUES (144, 199, 71.24, 21.8, 28);
INSERT INTO public.templog (id, nodesensorlogid, temperaturef, temperaturec, humidity) VALUES (145, 200, 70.52, 21.4, 31);
INSERT INTO public.templog (id, nodesensorlogid, temperaturef, temperaturec, humidity) VALUES (146, 201, 72.32, 22.4, 29);
INSERT INTO public.templog (id, nodesensorlogid, temperaturef, temperaturec, humidity) VALUES (147, 202, 75.2, 24, 19);
INSERT INTO public.templog (id, nodesensorlogid, temperaturef, temperaturec, humidity) VALUES (148, 203, 73.58, 23.1, 30);
INSERT INTO public.templog (id, nodesensorlogid, temperaturef, temperaturec, humidity) VALUES (149, 204, 45.32, 7.4, 53);
INSERT INTO public.templog (id, nodesensorlogid, temperaturef, temperaturec, humidity) VALUES (150, 205, 71.06, 21.7, 28);
INSERT INTO public.templog (id, nodesensorlogid, temperaturef, temperaturec, humidity) VALUES (151, 206, 70.52, 21.4, 31);
INSERT INTO public.templog (id, nodesensorlogid, temperaturef, temperaturec, humidity) VALUES (152, 207, 71.96, 22.2, 30);
INSERT INTO public.templog (id, nodesensorlogid, temperaturef, temperaturec, humidity) VALUES (153, 208, 77, 25, 18);
INSERT INTO public.templog (id, nodesensorlogid, temperaturef, temperaturec, humidity) VALUES (154, 209, 73.58, 23.1, 30);
INSERT INTO public.templog (id, nodesensorlogid, temperaturef, temperaturec, humidity) VALUES (155, 210, 45.32, 7.4, 53);
INSERT INTO public.templog (id, nodesensorlogid, temperaturef, temperaturec, humidity) VALUES (156, 211, 70.88, 21.6, 28);
INSERT INTO public.templog (id, nodesensorlogid, temperaturef, temperaturec, humidity) VALUES (157, 212, 70.34, 21.3, 31);
INSERT INTO public.templog (id, nodesensorlogid, temperaturef, temperaturec, humidity) VALUES (158, 213, 71.78, 22.1, 30);
INSERT INTO public.templog (id, nodesensorlogid, temperaturef, temperaturec, humidity) VALUES (159, 214, 77, 25, 18);
INSERT INTO public.templog (id, nodesensorlogid, temperaturef, temperaturec, humidity) VALUES (160, 215, 73.58, 23.1, 30);
INSERT INTO public.templog (id, nodesensorlogid, temperaturef, temperaturec, humidity) VALUES (161, 216, 45.32, 7.4, 53);
INSERT INTO public.templog (id, nodesensorlogid, temperaturef, temperaturec, humidity) VALUES (162, 217, 70.7, 21.5, 28);
INSERT INTO public.templog (id, nodesensorlogid, temperaturef, temperaturec, humidity) VALUES (163, 218, 70.34, 21.3, 31);
INSERT INTO public.templog (id, nodesensorlogid, temperaturef, temperaturec, humidity) VALUES (164, 219, 72.14, 22.3, 29);
INSERT INTO public.templog (id, nodesensorlogid, temperaturef, temperaturec, humidity) VALUES (165, 220, 75.2, 24, 19);
INSERT INTO public.templog (id, nodesensorlogid, temperaturef, temperaturec, humidity) VALUES (166, 221, 73.58, 23.1, 30);
INSERT INTO public.templog (id, nodesensorlogid, temperaturef, temperaturec, humidity) VALUES (167, 222, 45.32, 7.4, 53);
INSERT INTO public.templog (id, nodesensorlogid, temperaturef, temperaturec, humidity) VALUES (168, 223, 71.06, 21.7, 28);
INSERT INTO public.templog (id, nodesensorlogid, temperaturef, temperaturec, humidity) VALUES (169, 224, 70.52, 21.4, 31);
INSERT INTO public.templog (id, nodesensorlogid, temperaturef, temperaturec, humidity) VALUES (170, 225, 72.32, 22.4, 29);
INSERT INTO public.templog (id, nodesensorlogid, temperaturef, temperaturec, humidity) VALUES (171, 226, 75.2, 24, 19);
INSERT INTO public.templog (id, nodesensorlogid, temperaturef, temperaturec, humidity) VALUES (172, 227, 73.58, 23.1, 30);
INSERT INTO public.templog (id, nodesensorlogid, temperaturef, temperaturec, humidity) VALUES (173, 228, 45.32, 7.4, 53);
INSERT INTO public.templog (id, nodesensorlogid, temperaturef, temperaturec, humidity) VALUES (174, 229, 71.06, 21.7, 28);
INSERT INTO public.templog (id, nodesensorlogid, temperaturef, temperaturec, humidity) VALUES (175, 230, 70.52, 21.4, 31);
INSERT INTO public.templog (id, nodesensorlogid, temperaturef, temperaturec, humidity) VALUES (176, 231, 71.96, 22.2, 29);
INSERT INTO public.templog (id, nodesensorlogid, temperaturef, temperaturec, humidity) VALUES (177, 232, 77, 25, 18);
INSERT INTO public.templog (id, nodesensorlogid, temperaturef, temperaturec, humidity) VALUES (178, 233, 73.58, 23.1, 30);
INSERT INTO public.templog (id, nodesensorlogid, temperaturef, temperaturec, humidity) VALUES (179, 234, 45.32, 7.4, 54);
INSERT INTO public.templog (id, nodesensorlogid, temperaturef, temperaturec, humidity) VALUES (180, 235, 70.88, 21.6, 27);
INSERT INTO public.templog (id, nodesensorlogid, temperaturef, temperaturec, humidity) VALUES (181, 236, 70.52, 21.4, 31);
INSERT INTO public.templog (id, nodesensorlogid, temperaturef, temperaturec, humidity) VALUES (182, 237, 71.78, 22.1, 30);
INSERT INTO public.templog (id, nodesensorlogid, temperaturef, temperaturec, humidity) VALUES (183, 238, 77, 25, 18);
INSERT INTO public.templog (id, nodesensorlogid, temperaturef, temperaturec, humidity) VALUES (184, 239, 73.58, 23.1, 30);
INSERT INTO public.templog (id, nodesensorlogid, temperaturef, temperaturec, humidity) VALUES (185, 240, 45.32, 7.4, 54);
INSERT INTO public.templog (id, nodesensorlogid, temperaturef, temperaturec, humidity) VALUES (186, 241, 70.7, 21.5, 28);
INSERT INTO public.templog (id, nodesensorlogid, temperaturef, temperaturec, humidity) VALUES (187, 242, 70.34, 21.3, 31);
INSERT INTO public.templog (id, nodesensorlogid, temperaturef, temperaturec, humidity) VALUES (188, 243, 72.14, 22.3, 29);
INSERT INTO public.templog (id, nodesensorlogid, temperaturef, temperaturec, humidity) VALUES (189, 244, 77, 25, 18);
INSERT INTO public.templog (id, nodesensorlogid, temperaturef, temperaturec, humidity) VALUES (190, 245, 73.58, 23.1, 30);
INSERT INTO public.templog (id, nodesensorlogid, temperaturef, temperaturec, humidity) VALUES (191, 246, 45.32, 7.4, 54);
INSERT INTO public.templog (id, nodesensorlogid, temperaturef, temperaturec, humidity) VALUES (192, 247, 71.06, 21.7, 28);
INSERT INTO public.templog (id, nodesensorlogid, temperaturef, temperaturec, humidity) VALUES (193, 248, 70.52, 21.4, 31);
INSERT INTO public.templog (id, nodesensorlogid, temperaturef, temperaturec, humidity) VALUES (194, 249, 72.5, 22.5, 29);
INSERT INTO public.templog (id, nodesensorlogid, temperaturef, temperaturec, humidity) VALUES (195, 250, 75.2, 24, 19);
INSERT INTO public.templog (id, nodesensorlogid, temperaturef, temperaturec, humidity) VALUES (196, 251, 73.58, 23.1, 30);
INSERT INTO public.templog (id, nodesensorlogid, temperaturef, temperaturec, humidity) VALUES (197, 252, 45.32, 7.4, 54);
INSERT INTO public.templog (id, nodesensorlogid, temperaturef, temperaturec, humidity) VALUES (198, 253, 71.06, 21.7, 28);
INSERT INTO public.templog (id, nodesensorlogid, temperaturef, temperaturec, humidity) VALUES (199, 254, 70.52, 21.4, 31);
INSERT INTO public.templog (id, nodesensorlogid, temperaturef, temperaturec, humidity) VALUES (200, 255, 71.96, 22.2, 29);
INSERT INTO public.templog (id, nodesensorlogid, temperaturef, temperaturec, humidity) VALUES (201, 256, 77, 25, 18);
INSERT INTO public.templog (id, nodesensorlogid, temperaturef, temperaturec, humidity) VALUES (202, 257, 73.58, 23.1, 30);
INSERT INTO public.templog (id, nodesensorlogid, temperaturef, temperaturec, humidity) VALUES (203, 258, 45.32, 7.4, 54);
INSERT INTO public.templog (id, nodesensorlogid, temperaturef, temperaturec, humidity) VALUES (204, 259, 70.88, 21.6, 27);
INSERT INTO public.templog (id, nodesensorlogid, temperaturef, temperaturec, humidity) VALUES (205, 260, 70.34, 21.3, 31);
INSERT INTO public.templog (id, nodesensorlogid, temperaturef, temperaturec, humidity) VALUES (206, 261, 71.78, 22.1, 29);
INSERT INTO public.templog (id, nodesensorlogid, temperaturef, temperaturec, humidity) VALUES (207, 262, 77, 25, 18);
INSERT INTO public.templog (id, nodesensorlogid, temperaturef, temperaturec, humidity) VALUES (208, 263, 73.58, 23.1, 30);
INSERT INTO public.templog (id, nodesensorlogid, temperaturef, temperaturec, humidity) VALUES (209, 264, 45.32, 7.4, 54);
INSERT INTO public.templog (id, nodesensorlogid, temperaturef, temperaturec, humidity) VALUES (210, 265, 70.7, 21.5, 28);
INSERT INTO public.templog (id, nodesensorlogid, temperaturef, temperaturec, humidity) VALUES (211, 266, 70.34, 21.3, 31);
INSERT INTO public.templog (id, nodesensorlogid, temperaturef, temperaturec, humidity) VALUES (212, 267, 72.14, 22.3, 29);
INSERT INTO public.templog (id, nodesensorlogid, temperaturef, temperaturec, humidity) VALUES (213, 268, 77, 25, 18);
INSERT INTO public.templog (id, nodesensorlogid, temperaturef, temperaturec, humidity) VALUES (214, 269, 73.58, 23.1, 30);
INSERT INTO public.templog (id, nodesensorlogid, temperaturef, temperaturec, humidity) VALUES (215, 270, 45.32, 7.4, 54);
INSERT INTO public.templog (id, nodesensorlogid, temperaturef, temperaturec, humidity) VALUES (216, 271, 71.06, 21.7, 28);
INSERT INTO public.templog (id, nodesensorlogid, temperaturef, temperaturec, humidity) VALUES (217, 272, 70.52, 21.4, 31);
INSERT INTO public.templog (id, nodesensorlogid, temperaturef, temperaturec, humidity) VALUES (218, 273, 72.32, 22.4, 29);
INSERT INTO public.templog (id, nodesensorlogid, temperaturef, temperaturec, humidity) VALUES (219, 274, 75.2, 24, 19);
INSERT INTO public.templog (id, nodesensorlogid, temperaturef, temperaturec, humidity) VALUES (220, 275, 73.58, 23.1, 30);
INSERT INTO public.templog (id, nodesensorlogid, temperaturef, temperaturec, humidity) VALUES (221, 276, 45.5, 7.5, 54);
INSERT INTO public.templog (id, nodesensorlogid, temperaturef, temperaturec, humidity) VALUES (222, 277, 71.06, 21.7, 28);
INSERT INTO public.templog (id, nodesensorlogid, temperaturef, temperaturec, humidity) VALUES (223, 278, 70.52, 21.4, 31);
INSERT INTO public.templog (id, nodesensorlogid, temperaturef, temperaturec, humidity) VALUES (224, 279, 71.96, 22.2, 29);
INSERT INTO public.templog (id, nodesensorlogid, temperaturef, temperaturec, humidity) VALUES (225, 280, 77, 25, 18);
INSERT INTO public.templog (id, nodesensorlogid, temperaturef, temperaturec, humidity) VALUES (226, 281, 73.58, 23.1, 30);
INSERT INTO public.templog (id, nodesensorlogid, temperaturef, temperaturec, humidity) VALUES (227, 282, 45.5, 7.5, 54);
INSERT INTO public.templog (id, nodesensorlogid, temperaturef, temperaturec, humidity) VALUES (228, 283, 70.88, 21.6, 27);
INSERT INTO public.templog (id, nodesensorlogid, temperaturef, temperaturec, humidity) VALUES (229, 284, 70.34, 21.3, 31);
INSERT INTO public.templog (id, nodesensorlogid, temperaturef, temperaturec, humidity) VALUES (230, 285, 71.78, 22.1, 29);
INSERT INTO public.templog (id, nodesensorlogid, temperaturef, temperaturec, humidity) VALUES (231, 286, 77, 25, 18);
INSERT INTO public.templog (id, nodesensorlogid, temperaturef, temperaturec, humidity) VALUES (232, 287, 73.58, 23.1, 30);
INSERT INTO public.templog (id, nodesensorlogid, temperaturef, temperaturec, humidity) VALUES (233, 288, 45.32, 7.4, 54);
INSERT INTO public.templog (id, nodesensorlogid, temperaturef, temperaturec, humidity) VALUES (234, 289, 70.7, 21.5, 28);
INSERT INTO public.templog (id, nodesensorlogid, temperaturef, temperaturec, humidity) VALUES (235, 290, 70.34, 21.3, 31);
INSERT INTO public.templog (id, nodesensorlogid, temperaturef, temperaturec, humidity) VALUES (236, 291, 72.14, 22.3, 29);
INSERT INTO public.templog (id, nodesensorlogid, temperaturef, temperaturec, humidity) VALUES (237, 292, 77, 25, 18);
INSERT INTO public.templog (id, nodesensorlogid, temperaturef, temperaturec, humidity) VALUES (238, 293, 73.58, 23.1, 30);
INSERT INTO public.templog (id, nodesensorlogid, temperaturef, temperaturec, humidity) VALUES (239, 294, 45.5, 7.5, 54);
INSERT INTO public.templog (id, nodesensorlogid, temperaturef, temperaturec, humidity) VALUES (240, 295, 71.06, 21.7, 28);
INSERT INTO public.templog (id, nodesensorlogid, temperaturef, temperaturec, humidity) VALUES (241, 296, 70.34, 21.3, 31);
INSERT INTO public.templog (id, nodesensorlogid, temperaturef, temperaturec, humidity) VALUES (242, 297, 72.32, 22.4, 28);
INSERT INTO public.templog (id, nodesensorlogid, temperaturef, temperaturec, humidity) VALUES (243, 298, 77, 25, 18);
INSERT INTO public.templog (id, nodesensorlogid, temperaturef, temperaturec, humidity) VALUES (244, 299, 73.58, 23.1, 30);
INSERT INTO public.templog (id, nodesensorlogid, temperaturef, temperaturec, humidity) VALUES (245, 300, 45.32, 7.4, 54);
INSERT INTO public.templog (id, nodesensorlogid, temperaturef, temperaturec, humidity) VALUES (246, 301, 70.88, 21.6, 28);
INSERT INTO public.templog (id, nodesensorlogid, temperaturef, temperaturec, humidity) VALUES (247, 302, 70.34, 21.3, 31);
INSERT INTO public.templog (id, nodesensorlogid, temperaturef, temperaturec, humidity) VALUES (248, 303, 71.96, 22.2, 29);
INSERT INTO public.templog (id, nodesensorlogid, temperaturef, temperaturec, humidity) VALUES (249, 304, 77, 25, 18);
INSERT INTO public.templog (id, nodesensorlogid, temperaturef, temperaturec, humidity) VALUES (250, 305, 73.58, 23.1, 30);
INSERT INTO public.templog (id, nodesensorlogid, temperaturef, temperaturec, humidity) VALUES (251, 306, 45.5, 7.5, 54);
INSERT INTO public.templog (id, nodesensorlogid, temperaturef, temperaturec, humidity) VALUES (252, 307, 70.7, 21.5, 27);
INSERT INTO public.templog (id, nodesensorlogid, temperaturef, temperaturec, humidity) VALUES (253, 308, 70.34, 21.3, 31);
INSERT INTO public.templog (id, nodesensorlogid, temperaturef, temperaturec, humidity) VALUES (254, 309, 71.6, 22, 29);
INSERT INTO public.templog (id, nodesensorlogid, temperaturef, temperaturec, humidity) VALUES (255, 310, 77, 25, 18);
INSERT INTO public.templog (id, nodesensorlogid, temperaturef, temperaturec, humidity) VALUES (256, 311, 73.4, 23, 30);
INSERT INTO public.templog (id, nodesensorlogid, temperaturef, temperaturec, humidity) VALUES (257, 312, 45.5, 7.5, 55);
INSERT INTO public.templog (id, nodesensorlogid, temperaturef, temperaturec, humidity) VALUES (258, 313, 70.7, 21.5, 28);
INSERT INTO public.templog (id, nodesensorlogid, temperaturef, temperaturec, humidity) VALUES (259, 314, 70.34, 21.3, 31);
INSERT INTO public.templog (id, nodesensorlogid, temperaturef, temperaturec, humidity) VALUES (260, 315, 72.14, 22.3, 29);
INSERT INTO public.templog (id, nodesensorlogid, temperaturef, temperaturec, humidity) VALUES (261, 316, 77, 25, 18);
INSERT INTO public.templog (id, nodesensorlogid, temperaturef, temperaturec, humidity) VALUES (262, 317, 73.58, 23.1, 29);
INSERT INTO public.templog (id, nodesensorlogid, temperaturef, temperaturec, humidity) VALUES (263, 318, 45.32, 7.4, 55);
INSERT INTO public.templog (id, nodesensorlogid, temperaturef, temperaturec, humidity) VALUES (264, 319, 71.06, 21.7, 27);
INSERT INTO public.templog (id, nodesensorlogid, temperaturef, temperaturec, humidity) VALUES (265, 320, 70.34, 21.3, 31);
INSERT INTO public.templog (id, nodesensorlogid, temperaturef, temperaturec, humidity) VALUES (266, 321, 72.32, 22.4, 28);
INSERT INTO public.templog (id, nodesensorlogid, temperaturef, temperaturec, humidity) VALUES (267, 322, 77, 25, 18);
INSERT INTO public.templog (id, nodesensorlogid, temperaturef, temperaturec, humidity) VALUES (268, 323, 73.58, 23.1, 29);
INSERT INTO public.templog (id, nodesensorlogid, temperaturef, temperaturec, humidity) VALUES (269, 324, 45.32, 7.4, 55);
INSERT INTO public.templog (id, nodesensorlogid, temperaturef, temperaturec, humidity) VALUES (270, 325, 70.88, 21.6, 27);
INSERT INTO public.templog (id, nodesensorlogid, temperaturef, temperaturec, humidity) VALUES (271, 326, 70.34, 21.3, 31);
INSERT INTO public.templog (id, nodesensorlogid, temperaturef, temperaturec, humidity) VALUES (272, 327, 71.78, 22.1, 29);
INSERT INTO public.templog (id, nodesensorlogid, temperaturef, temperaturec, humidity) VALUES (273, 328, 77, 25, 18);
INSERT INTO public.templog (id, nodesensorlogid, temperaturef, temperaturec, humidity) VALUES (274, 329, 73.58, 23.1, 30);
INSERT INTO public.templog (id, nodesensorlogid, temperaturef, temperaturec, humidity) VALUES (275, 330, 45.32, 7.4, 55);
INSERT INTO public.templog (id, nodesensorlogid, temperaturef, temperaturec, humidity) VALUES (276, 331, 70.7, 21.5, 27);
INSERT INTO public.templog (id, nodesensorlogid, temperaturef, temperaturec, humidity) VALUES (277, 332, 70.34, 21.3, 31);
INSERT INTO public.templog (id, nodesensorlogid, temperaturef, temperaturec, humidity) VALUES (278, 333, 71.6, 22, 29);
INSERT INTO public.templog (id, nodesensorlogid, temperaturef, temperaturec, humidity) VALUES (279, 334, 77, 25, 18);
INSERT INTO public.templog (id, nodesensorlogid, temperaturef, temperaturec, humidity) VALUES (280, 335, 73.58, 23.1, 30);
INSERT INTO public.templog (id, nodesensorlogid, temperaturef, temperaturec, humidity) VALUES (281, 336, 45.32, 7.4, 55);
INSERT INTO public.templog (id, nodesensorlogid, temperaturef, temperaturec, humidity) VALUES (282, 337, 70.7, 21.5, 28);
INSERT INTO public.templog (id, nodesensorlogid, temperaturef, temperaturec, humidity) VALUES (283, 338, 70.34, 21.3, 31);
INSERT INTO public.templog (id, nodesensorlogid, temperaturef, temperaturec, humidity) VALUES (284, 339, 72.14, 22.3, 28);
INSERT INTO public.templog (id, nodesensorlogid, temperaturef, temperaturec, humidity) VALUES (285, 340, 77, 25, 18);
INSERT INTO public.templog (id, nodesensorlogid, temperaturef, temperaturec, humidity) VALUES (286, 341, 73.4, 23, 29);
INSERT INTO public.templog (id, nodesensorlogid, temperaturef, temperaturec, humidity) VALUES (287, 342, 45.32, 7.4, 55);
INSERT INTO public.templog (id, nodesensorlogid, temperaturef, temperaturec, humidity) VALUES (288, 343, 71.06, 21.7, 27);
INSERT INTO public.templog (id, nodesensorlogid, temperaturef, temperaturec, humidity) VALUES (289, 344, 70.34, 21.3, 31);
INSERT INTO public.templog (id, nodesensorlogid, temperaturef, temperaturec, humidity) VALUES (290, 345, 72.14, 22.3, 28);
INSERT INTO public.templog (id, nodesensorlogid, temperaturef, temperaturec, humidity) VALUES (291, 346, 77, 25, 18);
INSERT INTO public.templog (id, nodesensorlogid, temperaturef, temperaturec, humidity) VALUES (292, 347, 73.4, 23, 30);
INSERT INTO public.templog (id, nodesensorlogid, temperaturef, temperaturec, humidity) VALUES (293, 348, 45.32, 7.4, 55);
INSERT INTO public.templog (id, nodesensorlogid, temperaturef, temperaturec, humidity) VALUES (294, 349, 70.88, 21.6, 27);
INSERT INTO public.templog (id, nodesensorlogid, temperaturef, temperaturec, humidity) VALUES (295, 350, 70.34, 21.3, 30);
INSERT INTO public.templog (id, nodesensorlogid, temperaturef, temperaturec, humidity) VALUES (296, 351, 71.78, 22.1, 29);
INSERT INTO public.templog (id, nodesensorlogid, temperaturef, temperaturec, humidity) VALUES (297, 352, 77, 25, 18);
INSERT INTO public.templog (id, nodesensorlogid, temperaturef, temperaturec, humidity) VALUES (298, 353, 73.4, 23, 30);
INSERT INTO public.templog (id, nodesensorlogid, temperaturef, temperaturec, humidity) VALUES (299, 354, 45.32, 7.4, 55);
INSERT INTO public.templog (id, nodesensorlogid, temperaturef, temperaturec, humidity) VALUES (300, 355, 70.7, 21.5, 27);
INSERT INTO public.templog (id, nodesensorlogid, temperaturef, temperaturec, humidity) VALUES (301, 356, 70.34, 21.3, 31);
INSERT INTO public.templog (id, nodesensorlogid, temperaturef, temperaturec, humidity) VALUES (302, 357, 71.6, 22, 29);
INSERT INTO public.templog (id, nodesensorlogid, temperaturef, temperaturec, humidity) VALUES (303, 358, 77, 25, 18);
INSERT INTO public.templog (id, nodesensorlogid, temperaturef, temperaturec, humidity) VALUES (304, 359, 73.4, 23, 30);
INSERT INTO public.templog (id, nodesensorlogid, temperaturef, temperaturec, humidity) VALUES (305, 360, 45.32, 7.4, 55);
INSERT INTO public.templog (id, nodesensorlogid, temperaturef, temperaturec, humidity) VALUES (306, 361, 70.7, 21.5, 28);
INSERT INTO public.templog (id, nodesensorlogid, temperaturef, temperaturec, humidity) VALUES (307, 362, 70.16, 21.2, 31);
INSERT INTO public.templog (id, nodesensorlogid, temperaturef, temperaturec, humidity) VALUES (308, 363, 72.14, 22.3, 29);
INSERT INTO public.templog (id, nodesensorlogid, temperaturef, temperaturec, humidity) VALUES (309, 364, 77, 25, 18);
INSERT INTO public.templog (id, nodesensorlogid, temperaturef, temperaturec, humidity) VALUES (310, 365, 73.04, 22.8, 28);
INSERT INTO public.templog (id, nodesensorlogid, temperaturef, temperaturec, humidity) VALUES (311, 366, 45.14, 7.3, 52);
INSERT INTO public.templog (id, nodesensorlogid, temperaturef, temperaturec, humidity) VALUES (312, 367, 70.88, 21.6, 28);
INSERT INTO public.templog (id, nodesensorlogid, temperaturef, temperaturec, humidity) VALUES (313, 368, 70.34, 21.3, 31);
INSERT INTO public.templog (id, nodesensorlogid, temperaturef, temperaturec, humidity) VALUES (314, 369, 72.14, 22.3, 28);
INSERT INTO public.templog (id, nodesensorlogid, temperaturef, temperaturec, humidity) VALUES (315, 370, 75.2, 24, 19);
INSERT INTO public.templog (id, nodesensorlogid, temperaturef, temperaturec, humidity) VALUES (316, 371, 73.22, 22.9, 30);
INSERT INTO public.templog (id, nodesensorlogid, temperaturef, temperaturec, humidity) VALUES (317, 372, 46.58, 8.1, 52);
INSERT INTO public.templog (id, nodesensorlogid, temperaturef, temperaturec, humidity) VALUES (318, 373, 70.88, 21.6, 27);
INSERT INTO public.templog (id, nodesensorlogid, temperaturef, temperaturec, humidity) VALUES (319, 374, 70.16, 21.2, 30);
INSERT INTO public.templog (id, nodesensorlogid, temperaturef, temperaturec, humidity) VALUES (320, 375, 71.96, 22.2, 28);
INSERT INTO public.templog (id, nodesensorlogid, temperaturef, temperaturec, humidity) VALUES (321, 376, 75.2, 24, 19);
INSERT INTO public.templog (id, nodesensorlogid, temperaturef, temperaturec, humidity) VALUES (322, 377, 73.4, 23, 30);
INSERT INTO public.templog (id, nodesensorlogid, temperaturef, temperaturec, humidity) VALUES (323, 378, 46.58, 8.1, 52);
INSERT INTO public.templog (id, nodesensorlogid, temperaturef, temperaturec, humidity) VALUES (324, 379, 70.7, 21.5, 28);
INSERT INTO public.templog (id, nodesensorlogid, temperaturef, temperaturec, humidity) VALUES (325, 380, 70.16, 21.2, 30);
INSERT INTO public.templog (id, nodesensorlogid, temperaturef, temperaturec, humidity) VALUES (326, 381, 71.96, 22.2, 28);
INSERT INTO public.templog (id, nodesensorlogid, temperaturef, temperaturec, humidity) VALUES (327, 382, 75.2, 24, 19);
INSERT INTO public.templog (id, nodesensorlogid, temperaturef, temperaturec, humidity) VALUES (328, 383, 73.4, 23, 30);
INSERT INTO public.templog (id, nodesensorlogid, temperaturef, temperaturec, humidity) VALUES (329, 384, 47.12, 8.4, 52);
INSERT INTO public.templog (id, nodesensorlogid, temperaturef, temperaturec, humidity) VALUES (330, 385, 70.52, 21.4, 28);
INSERT INTO public.templog (id, nodesensorlogid, temperaturef, temperaturec, humidity) VALUES (331, 386, 70.16, 21.2, 31);
INSERT INTO public.templog (id, nodesensorlogid, temperaturef, temperaturec, humidity) VALUES (332, 387, 72.14, 22.3, 30);
INSERT INTO public.templog (id, nodesensorlogid, temperaturef, temperaturec, humidity) VALUES (333, 388, 75.2, 24, 19);
INSERT INTO public.templog (id, nodesensorlogid, temperaturef, temperaturec, humidity) VALUES (334, 389, 73.22, 22.9, 30);
INSERT INTO public.templog (id, nodesensorlogid, temperaturef, temperaturec, humidity) VALUES (335, 390, 47.48, 8.6, 51);
INSERT INTO public.templog (id, nodesensorlogid, temperaturef, temperaturec, humidity) VALUES (336, 391, 70.52, 21.4, 29);
INSERT INTO public.templog (id, nodesensorlogid, temperaturef, temperaturec, humidity) VALUES (337, 392, 69.98, 21.1, 31);
INSERT INTO public.templog (id, nodesensorlogid, temperaturef, temperaturec, humidity) VALUES (338, 393, 72.14, 22.3, 30);
INSERT INTO public.templog (id, nodesensorlogid, temperaturef, temperaturec, humidity) VALUES (339, 394, 75.2, 24, 19);
INSERT INTO public.templog (id, nodesensorlogid, temperaturef, temperaturec, humidity) VALUES (340, 395, 73.04, 22.8, 30);
INSERT INTO public.templog (id, nodesensorlogid, temperaturef, temperaturec, humidity) VALUES (341, 396, 47.66, 8.7, 51);
INSERT INTO public.templog (id, nodesensorlogid, temperaturef, temperaturec, humidity) VALUES (342, 397, 70.34, 21.3, 29);
INSERT INTO public.templog (id, nodesensorlogid, temperaturef, temperaturec, humidity) VALUES (343, 398, 69.98, 21.1, 31);
INSERT INTO public.templog (id, nodesensorlogid, temperaturef, temperaturec, humidity) VALUES (344, 399, 72.14, 22.3, 30);
INSERT INTO public.templog (id, nodesensorlogid, temperaturef, temperaturec, humidity) VALUES (345, 400, 75.2, 24, 19);
INSERT INTO public.templog (id, nodesensorlogid, temperaturef, temperaturec, humidity) VALUES (346, 401, 73.04, 22.8, 30);
INSERT INTO public.templog (id, nodesensorlogid, temperaturef, temperaturec, humidity) VALUES (347, 402, 47.84, 8.8, 51);
INSERT INTO public.templog (id, nodesensorlogid, temperaturef, temperaturec, humidity) VALUES (348, 403, 70.16, 21.2, 29);
INSERT INTO public.templog (id, nodesensorlogid, temperaturef, temperaturec, humidity) VALUES (349, 404, 69.8, 21, 31);
INSERT INTO public.templog (id, nodesensorlogid, temperaturef, temperaturec, humidity) VALUES (350, 405, 71.96, 22.2, 30);
INSERT INTO public.templog (id, nodesensorlogid, temperaturef, temperaturec, humidity) VALUES (351, 406, 75.2, 24, 19);
INSERT INTO public.templog (id, nodesensorlogid, temperaturef, temperaturec, humidity) VALUES (352, 407, 72.86, 22.7, 30);
INSERT INTO public.templog (id, nodesensorlogid, temperaturef, temperaturec, humidity) VALUES (353, 408, 48.02, 8.9, 51);
INSERT INTO public.templog (id, nodesensorlogid, temperaturef, temperaturec, humidity) VALUES (354, 409, 70.16, 21.2, 30);
INSERT INTO public.templog (id, nodesensorlogid, temperaturef, temperaturec, humidity) VALUES (355, 410, 69.8, 21, 31);
INSERT INTO public.templog (id, nodesensorlogid, temperaturef, temperaturec, humidity) VALUES (356, 411, 71.96, 22.2, 30);
INSERT INTO public.templog (id, nodesensorlogid, temperaturef, temperaturec, humidity) VALUES (357, 412, 75.2, 24, 19);
INSERT INTO public.templog (id, nodesensorlogid, temperaturef, temperaturec, humidity) VALUES (358, 413, 72.68, 22.6, 30);
INSERT INTO public.templog (id, nodesensorlogid, temperaturef, temperaturec, humidity) VALUES (359, 414, 48.02, 8.9, 51);
INSERT INTO public.templog (id, nodesensorlogid, temperaturef, temperaturec, humidity) VALUES (360, 415, 69.98, 21.1, 30);
INSERT INTO public.templog (id, nodesensorlogid, temperaturef, temperaturec, humidity) VALUES (361, 416, 69.8, 21, 31);
INSERT INTO public.templog (id, nodesensorlogid, temperaturef, temperaturec, humidity) VALUES (362, 417, 71.96, 22.2, 30);
INSERT INTO public.templog (id, nodesensorlogid, temperaturef, temperaturec, humidity) VALUES (363, 418, 75.2, 24, 19);
INSERT INTO public.templog (id, nodesensorlogid, temperaturef, temperaturec, humidity) VALUES (364, 419, 72.5, 22.5, 30);
INSERT INTO public.templog (id, nodesensorlogid, temperaturef, temperaturec, humidity) VALUES (365, 420, 48.2, 9, 51);
INSERT INTO public.templog (id, nodesensorlogid, temperaturef, temperaturec, humidity) VALUES (366, 421, 69.98, 21.1, 30);
INSERT INTO public.templog (id, nodesensorlogid, temperaturef, temperaturec, humidity) VALUES (367, 422, 69.62, 20.9, 32);
INSERT INTO public.templog (id, nodesensorlogid, temperaturef, temperaturec, humidity) VALUES (368, 423, 71.96, 22.2, 31);
INSERT INTO public.templog (id, nodesensorlogid, temperaturef, temperaturec, humidity) VALUES (369, 424, 75.2, 24, 19);
INSERT INTO public.templog (id, nodesensorlogid, temperaturef, temperaturec, humidity) VALUES (370, 425, 72.32, 22.4, 31);
INSERT INTO public.templog (id, nodesensorlogid, temperaturef, temperaturec, humidity) VALUES (371, 426, 48.2, 9, 51);
INSERT INTO public.templog (id, nodesensorlogid, temperaturef, temperaturec, humidity) VALUES (372, 427, 69.8, 21, 30);
INSERT INTO public.templog (id, nodesensorlogid, temperaturef, temperaturec, humidity) VALUES (373, 428, 69.98, 21.1, 32);
INSERT INTO public.templog (id, nodesensorlogid, temperaturef, temperaturec, humidity) VALUES (374, 429, 71.78, 22.1, 31);
INSERT INTO public.templog (id, nodesensorlogid, temperaturef, temperaturec, humidity) VALUES (375, 430, 75.2, 24, 19);
INSERT INTO public.templog (id, nodesensorlogid, temperaturef, temperaturec, humidity) VALUES (376, 431, 72.32, 22.4, 31);
INSERT INTO public.templog (id, nodesensorlogid, temperaturef, temperaturec, humidity) VALUES (377, 432, 48.02, 8.9, 51);
INSERT INTO public.templog (id, nodesensorlogid, temperaturef, temperaturec, humidity) VALUES (378, 433, 69.8, 21, 30);
INSERT INTO public.templog (id, nodesensorlogid, temperaturef, temperaturec, humidity) VALUES (379, 434, 70.34, 21.3, 31);
INSERT INTO public.templog (id, nodesensorlogid, temperaturef, temperaturec, humidity) VALUES (380, 435, 71.96, 22.2, 31);
INSERT INTO public.templog (id, nodesensorlogid, temperaturef, temperaturec, humidity) VALUES (381, 436, 75.2, 24, 19);
INSERT INTO public.templog (id, nodesensorlogid, temperaturef, temperaturec, humidity) VALUES (382, 437, 72.14, 22.3, 31);
INSERT INTO public.templog (id, nodesensorlogid, temperaturef, temperaturec, humidity) VALUES (383, 438, 48.2, 9, 51);
INSERT INTO public.templog (id, nodesensorlogid, temperaturef, temperaturec, humidity) VALUES (384, 439, 69.8, 21, 30);
INSERT INTO public.templog (id, nodesensorlogid, temperaturef, temperaturec, humidity) VALUES (385, 440, 70.7, 21.5, 31);
INSERT INTO public.templog (id, nodesensorlogid, temperaturef, temperaturec, humidity) VALUES (386, 441, 71.78, 22.1, 31);
INSERT INTO public.templog (id, nodesensorlogid, temperaturef, temperaturec, humidity) VALUES (387, 442, 73.4, 23, 19);
INSERT INTO public.templog (id, nodesensorlogid, temperaturef, temperaturec, humidity) VALUES (388, 443, 71.96, 22.2, 31);
INSERT INTO public.templog (id, nodesensorlogid, temperaturef, temperaturec, humidity) VALUES (389, 444, 48.38, 9.1, 51);
INSERT INTO public.templog (id, nodesensorlogid, temperaturef, temperaturec, humidity) VALUES (390, 445, 69.62, 20.9, 31);
INSERT INTO public.templog (id, nodesensorlogid, temperaturef, temperaturec, humidity) VALUES (391, 446, 71.06, 21.7, 31);
INSERT INTO public.templog (id, nodesensorlogid, temperaturef, temperaturec, humidity) VALUES (392, 447, 71.78, 22.1, 31);
INSERT INTO public.templog (id, nodesensorlogid, temperaturef, temperaturec, humidity) VALUES (393, 448, 73.4, 23, 19);
INSERT INTO public.templog (id, nodesensorlogid, temperaturef, temperaturec, humidity) VALUES (394, 449, 71.96, 22.2, 31);
INSERT INTO public.templog (id, nodesensorlogid, temperaturef, temperaturec, humidity) VALUES (395, 450, 48.56, 9.2, 51);
INSERT INTO public.templog (id, nodesensorlogid, temperaturef, temperaturec, humidity) VALUES (396, 451, 69.62, 20.9, 31);
INSERT INTO public.templog (id, nodesensorlogid, temperaturef, temperaturec, humidity) VALUES (397, 452, 71.06, 21.7, 31);
INSERT INTO public.templog (id, nodesensorlogid, temperaturef, temperaturec, humidity) VALUES (398, 453, 71.78, 22.1, 31);
INSERT INTO public.templog (id, nodesensorlogid, temperaturef, temperaturec, humidity) VALUES (399, 454, 73.4, 23, 19);
INSERT INTO public.templog (id, nodesensorlogid, temperaturef, temperaturec, humidity) VALUES (400, 455, 71.96, 22.2, 31);
INSERT INTO public.templog (id, nodesensorlogid, temperaturef, temperaturec, humidity) VALUES (401, 456, 48.56, 9.2, 51);
INSERT INTO public.templog (id, nodesensorlogid, temperaturef, temperaturec, humidity) VALUES (402, 457, 69.44, 20.8, 31);
INSERT INTO public.templog (id, nodesensorlogid, temperaturef, temperaturec, humidity) VALUES (403, 458, 71.24, 21.8, 32);
INSERT INTO public.templog (id, nodesensorlogid, temperaturef, temperaturec, humidity) VALUES (404, 459, 71.78, 22.1, 31);
INSERT INTO public.templog (id, nodesensorlogid, temperaturef, temperaturec, humidity) VALUES (405, 460, 73.4, 23, 19);
INSERT INTO public.templog (id, nodesensorlogid, temperaturef, temperaturec, humidity) VALUES (406, 461, 71.6, 22, 31);
INSERT INTO public.templog (id, nodesensorlogid, temperaturef, temperaturec, humidity) VALUES (407, 462, 48.38, 9.1, 51);
INSERT INTO public.templog (id, nodesensorlogid, temperaturef, temperaturec, humidity) VALUES (408, 463, 69.44, 20.8, 31);
INSERT INTO public.templog (id, nodesensorlogid, temperaturef, temperaturec, humidity) VALUES (409, 464, 71.24, 21.8, 32);
INSERT INTO public.templog (id, nodesensorlogid, temperaturef, temperaturec, humidity) VALUES (410, 465, 71.6, 22, 31);
INSERT INTO public.templog (id, nodesensorlogid, temperaturef, temperaturec, humidity) VALUES (411, 466, 73.4, 23, 19);
INSERT INTO public.templog (id, nodesensorlogid, temperaturef, temperaturec, humidity) VALUES (412, 467, 71.6, 22, 31);
INSERT INTO public.templog (id, nodesensorlogid, temperaturef, temperaturec, humidity) VALUES (413, 468, 48.56, 9.2, 51);
INSERT INTO public.templog (id, nodesensorlogid, temperaturef, temperaturec, humidity) VALUES (414, 469, 69.44, 20.8, 31);
INSERT INTO public.templog (id, nodesensorlogid, temperaturef, temperaturec, humidity) VALUES (415, 470, 71.42, 21.9, 32);
INSERT INTO public.templog (id, nodesensorlogid, temperaturef, temperaturec, humidity) VALUES (416, 471, 71.6, 22, 31);
INSERT INTO public.templog (id, nodesensorlogid, temperaturef, temperaturec, humidity) VALUES (417, 472, 73.4, 23, 19);
INSERT INTO public.templog (id, nodesensorlogid, temperaturef, temperaturec, humidity) VALUES (418, 473, 71.42, 21.9, 31);
INSERT INTO public.templog (id, nodesensorlogid, temperaturef, temperaturec, humidity) VALUES (419, 474, 48.38, 9.1, 51);
INSERT INTO public.templog (id, nodesensorlogid, temperaturef, temperaturec, humidity) VALUES (420, 475, 69.44, 20.8, 31);
INSERT INTO public.templog (id, nodesensorlogid, temperaturef, temperaturec, humidity) VALUES (421, 476, 71.42, 21.9, 32);
INSERT INTO public.templog (id, nodesensorlogid, temperaturef, temperaturec, humidity) VALUES (422, 477, 71.78, 22.1, 30);
INSERT INTO public.templog (id, nodesensorlogid, temperaturef, temperaturec, humidity) VALUES (423, 478, 73.4, 23, 19);
INSERT INTO public.templog (id, nodesensorlogid, temperaturef, temperaturec, humidity) VALUES (424, 479, 71.6, 22, 30);
INSERT INTO public.templog (id, nodesensorlogid, temperaturef, temperaturec, humidity) VALUES (425, 480, 48.56, 9.2, 51);
INSERT INTO public.templog (id, nodesensorlogid, temperaturef, temperaturec, humidity) VALUES (426, 481, 69.26, 20.7, 31);
INSERT INTO public.templog (id, nodesensorlogid, temperaturef, temperaturec, humidity) VALUES (427, 482, 71.42, 21.9, 32);
INSERT INTO public.templog (id, nodesensorlogid, temperaturef, temperaturec, humidity) VALUES (428, 483, 71.96, 22.2, 30);
INSERT INTO public.templog (id, nodesensorlogid, temperaturef, temperaturec, humidity) VALUES (429, 484, 73.4, 23, 19);
INSERT INTO public.templog (id, nodesensorlogid, temperaturef, temperaturec, humidity) VALUES (430, 485, 71.6, 22, 30);
INSERT INTO public.templog (id, nodesensorlogid, temperaturef, temperaturec, humidity) VALUES (431, 486, 48.38, 9.1, 51);
INSERT INTO public.templog (id, nodesensorlogid, temperaturef, temperaturec, humidity) VALUES (432, 487, 69.44, 20.8, 30);
INSERT INTO public.templog (id, nodesensorlogid, temperaturef, temperaturec, humidity) VALUES (433, 488, 71.42, 21.9, 33);
INSERT INTO public.templog (id, nodesensorlogid, temperaturef, temperaturec, humidity) VALUES (434, 489, 71.78, 22.1, 30);
INSERT INTO public.templog (id, nodesensorlogid, temperaturef, temperaturec, humidity) VALUES (435, 490, 73.4, 23, 19);
INSERT INTO public.templog (id, nodesensorlogid, temperaturef, temperaturec, humidity) VALUES (436, 491, 71.42, 21.9, 30);
INSERT INTO public.templog (id, nodesensorlogid, temperaturef, temperaturec, humidity) VALUES (437, 492, 48.38, 9.1, 51);
INSERT INTO public.templog (id, nodesensorlogid, temperaturef, temperaturec, humidity) VALUES (438, 493, 69.26, 20.7, 30);
INSERT INTO public.templog (id, nodesensorlogid, temperaturef, temperaturec, humidity) VALUES (439, 494, 71.6, 22, 32);
INSERT INTO public.templog (id, nodesensorlogid, temperaturef, temperaturec, humidity) VALUES (440, 495, 71.6, 22, 30);
INSERT INTO public.templog (id, nodesensorlogid, temperaturef, temperaturec, humidity) VALUES (441, 496, 73.4, 23, 19);
INSERT INTO public.templog (id, nodesensorlogid, temperaturef, temperaturec, humidity) VALUES (442, 497, 71.24, 21.8, 30);
INSERT INTO public.templog (id, nodesensorlogid, temperaturef, temperaturec, humidity) VALUES (443, 498, 48.56, 9.2, 51);
INSERT INTO public.templog (id, nodesensorlogid, temperaturef, temperaturec, humidity) VALUES (444, 499, 69.26, 20.7, 30);
INSERT INTO public.templog (id, nodesensorlogid, temperaturef, temperaturec, humidity) VALUES (445, 500, 71.78, 22.1, 32);
INSERT INTO public.templog (id, nodesensorlogid, temperaturef, temperaturec, humidity) VALUES (446, 501, 71.78, 22.1, 30);
INSERT INTO public.templog (id, nodesensorlogid, temperaturef, temperaturec, humidity) VALUES (447, 502, 73.4, 23, 19);
INSERT INTO public.templog (id, nodesensorlogid, temperaturef, temperaturec, humidity) VALUES (448, 503, 71.24, 21.8, 30);
INSERT INTO public.templog (id, nodesensorlogid, temperaturef, temperaturec, humidity) VALUES (449, 504, 48.74, 9.3, 52);
INSERT INTO public.templog (id, nodesensorlogid, temperaturef, temperaturec, humidity) VALUES (450, 505, 69.26, 20.7, 30);
INSERT INTO public.templog (id, nodesensorlogid, temperaturef, temperaturec, humidity) VALUES (451, 506, 71.78, 22.1, 33);
INSERT INTO public.templog (id, nodesensorlogid, temperaturef, temperaturec, humidity) VALUES (452, 507, 71.96, 22.2, 30);
INSERT INTO public.templog (id, nodesensorlogid, temperaturef, temperaturec, humidity) VALUES (453, 508, 75.2, 24, 19);
INSERT INTO public.templog (id, nodesensorlogid, temperaturef, temperaturec, humidity) VALUES (454, 509, 71.42, 21.9, 30);
INSERT INTO public.templog (id, nodesensorlogid, temperaturef, temperaturec, humidity) VALUES (455, 510, 48.56, 9.2, 51);
INSERT INTO public.templog (id, nodesensorlogid, temperaturef, temperaturec, humidity) VALUES (456, 511, 69.44, 20.8, 30);
INSERT INTO public.templog (id, nodesensorlogid, temperaturef, temperaturec, humidity) VALUES (457, 512, 71.96, 22.2, 33);
INSERT INTO public.templog (id, nodesensorlogid, temperaturef, temperaturec, humidity) VALUES (458, 513, 71.78, 22.1, 30);
INSERT INTO public.templog (id, nodesensorlogid, temperaturef, temperaturec, humidity) VALUES (459, 514, 73.4, 23, 19);
INSERT INTO public.templog (id, nodesensorlogid, temperaturef, temperaturec, humidity) VALUES (460, 515, 71.42, 21.9, 30);
INSERT INTO public.templog (id, nodesensorlogid, temperaturef, temperaturec, humidity) VALUES (461, 516, 48.38, 9.1, 51);
INSERT INTO public.templog (id, nodesensorlogid, temperaturef, temperaturec, humidity) VALUES (462, 517, 69.26, 20.7, 30);
INSERT INTO public.templog (id, nodesensorlogid, temperaturef, temperaturec, humidity) VALUES (463, 518, 71.96, 22.2, 33);
INSERT INTO public.templog (id, nodesensorlogid, temperaturef, temperaturec, humidity) VALUES (464, 519, 71.6, 22, 30);
INSERT INTO public.templog (id, nodesensorlogid, temperaturef, temperaturec, humidity) VALUES (465, 520, 73.4, 23, 19);
INSERT INTO public.templog (id, nodesensorlogid, temperaturef, temperaturec, humidity) VALUES (466, 521, 71.24, 21.8, 30);
INSERT INTO public.templog (id, nodesensorlogid, temperaturef, temperaturec, humidity) VALUES (467, 522, 48.56, 9.2, 51);
INSERT INTO public.templog (id, nodesensorlogid, temperaturef, temperaturec, humidity) VALUES (468, 523, 69.08, 20.6, 30);
INSERT INTO public.templog (id, nodesensorlogid, temperaturef, temperaturec, humidity) VALUES (469, 524, 71.96, 22.2, 33);
INSERT INTO public.templog (id, nodesensorlogid, temperaturef, temperaturec, humidity) VALUES (470, 525, 71.42, 21.9, 31);
INSERT INTO public.templog (id, nodesensorlogid, temperaturef, temperaturec, humidity) VALUES (471, 526, 73.4, 23, 19);
INSERT INTO public.templog (id, nodesensorlogid, temperaturef, temperaturec, humidity) VALUES (472, 527, 71.06, 21.7, 31);
INSERT INTO public.templog (id, nodesensorlogid, temperaturef, temperaturec, humidity) VALUES (473, 528, 48.38, 9.1, 51);
INSERT INTO public.templog (id, nodesensorlogid, temperaturef, temperaturec, humidity) VALUES (474, 529, 69.08, 20.6, 30);
INSERT INTO public.templog (id, nodesensorlogid, temperaturef, temperaturec, humidity) VALUES (475, 530, 72.14, 22.3, 33);
INSERT INTO public.templog (id, nodesensorlogid, temperaturef, temperaturec, humidity) VALUES (476, 531, 71.24, 21.8, 31);
INSERT INTO public.templog (id, nodesensorlogid, temperaturef, temperaturec, humidity) VALUES (477, 532, 73.4, 23, 19);
INSERT INTO public.templog (id, nodesensorlogid, temperaturef, temperaturec, humidity) VALUES (478, 533, 70.88, 21.6, 31);
INSERT INTO public.templog (id, nodesensorlogid, temperaturef, temperaturec, humidity) VALUES (479, 534, 48.38, 9.1, 52);
INSERT INTO public.templog (id, nodesensorlogid, temperaturef, temperaturec, humidity) VALUES (480, 535, 68.9, 20.5, 30);
INSERT INTO public.templog (id, nodesensorlogid, temperaturef, temperaturec, humidity) VALUES (481, 536, 72.14, 22.3, 33);
INSERT INTO public.templog (id, nodesensorlogid, temperaturef, temperaturec, humidity) VALUES (482, 537, 71.24, 21.8, 31);
INSERT INTO public.templog (id, nodesensorlogid, temperaturef, temperaturec, humidity) VALUES (483, 538, 71.6, 22, 20);
INSERT INTO public.templog (id, nodesensorlogid, temperaturef, temperaturec, humidity) VALUES (484, 539, 70.88, 21.6, 31);
INSERT INTO public.templog (id, nodesensorlogid, temperaturef, temperaturec, humidity) VALUES (485, 540, 48.38, 9.1, 52);
INSERT INTO public.templog (id, nodesensorlogid, temperaturef, temperaturec, humidity) VALUES (486, 541, 68.9, 20.5, 31);
INSERT INTO public.templog (id, nodesensorlogid, temperaturef, temperaturec, humidity) VALUES (487, 542, 72.14, 22.3, 33);
INSERT INTO public.templog (id, nodesensorlogid, temperaturef, temperaturec, humidity) VALUES (488, 543, 71.06, 21.7, 31);
INSERT INTO public.templog (id, nodesensorlogid, temperaturef, temperaturec, humidity) VALUES (489, 544, 71.6, 22, 20);
INSERT INTO public.templog (id, nodesensorlogid, temperaturef, temperaturec, humidity) VALUES (490, 545, 70.7, 21.5, 31);
INSERT INTO public.templog (id, nodesensorlogid, temperaturef, temperaturec, humidity) VALUES (491, 546, 48.38, 9.1, 52);
INSERT INTO public.templog (id, nodesensorlogid, temperaturef, temperaturec, humidity) VALUES (492, 547, 68.9, 20.5, 31);
INSERT INTO public.templog (id, nodesensorlogid, temperaturef, temperaturec, humidity) VALUES (493, 548, 72.32, 22.4, 32);
INSERT INTO public.templog (id, nodesensorlogid, temperaturef, temperaturec, humidity) VALUES (494, 549, 71.06, 21.7, 31);
INSERT INTO public.templog (id, nodesensorlogid, temperaturef, temperaturec, humidity) VALUES (495, 550, 71.6, 22, 20);
INSERT INTO public.templog (id, nodesensorlogid, temperaturef, temperaturec, humidity) VALUES (496, 551, 70.52, 21.4, 31);
INSERT INTO public.templog (id, nodesensorlogid, temperaturef, temperaturec, humidity) VALUES (497, 552, 48.38, 9.1, 52);
INSERT INTO public.templog (id, nodesensorlogid, temperaturef, temperaturec, humidity) VALUES (498, 553, 68.9, 20.5, 31);
INSERT INTO public.templog (id, nodesensorlogid, temperaturef, temperaturec, humidity) VALUES (499, 554, 72.5, 22.5, 33);
INSERT INTO public.templog (id, nodesensorlogid, temperaturef, temperaturec, humidity) VALUES (500, 555, 70.88, 21.6, 31);
INSERT INTO public.templog (id, nodesensorlogid, temperaturef, temperaturec, humidity) VALUES (501, 556, 71.6, 22, 20);
INSERT INTO public.templog (id, nodesensorlogid, temperaturef, temperaturec, humidity) VALUES (502, 557, 70.52, 21.4, 31);
INSERT INTO public.templog (id, nodesensorlogid, temperaturef, temperaturec, humidity) VALUES (503, 558, 48.38, 9.1, 52);
INSERT INTO public.templog (id, nodesensorlogid, temperaturef, temperaturec, humidity) VALUES (504, 559, 68.72, 20.4, 31);
INSERT INTO public.templog (id, nodesensorlogid, temperaturef, temperaturec, humidity) VALUES (505, 560, 72.5, 22.5, 33);
INSERT INTO public.templog (id, nodesensorlogid, temperaturef, temperaturec, humidity) VALUES (506, 561, 70.88, 21.6, 31);
INSERT INTO public.templog (id, nodesensorlogid, temperaturef, temperaturec, humidity) VALUES (507, 562, 71.6, 22, 20);
INSERT INTO public.templog (id, nodesensorlogid, temperaturef, temperaturec, humidity) VALUES (508, 563, 70.52, 21.4, 31);
INSERT INTO public.templog (id, nodesensorlogid, temperaturef, temperaturec, humidity) VALUES (509, 564, 48.2, 9, 52);
INSERT INTO public.templog (id, nodesensorlogid, temperaturef, temperaturec, humidity) VALUES (510, 565, 68.72, 20.4, 32);
INSERT INTO public.templog (id, nodesensorlogid, temperaturef, temperaturec, humidity) VALUES (511, 566, 72.5, 22.5, 32);
INSERT INTO public.templog (id, nodesensorlogid, temperaturef, temperaturec, humidity) VALUES (512, 567, 70.88, 21.6, 31);
INSERT INTO public.templog (id, nodesensorlogid, temperaturef, temperaturec, humidity) VALUES (513, 568, 71.6, 22, 20);
INSERT INTO public.templog (id, nodesensorlogid, temperaturef, temperaturec, humidity) VALUES (514, 569, 70.34, 21.3, 31);
INSERT INTO public.templog (id, nodesensorlogid, temperaturef, temperaturec, humidity) VALUES (515, 570, 48.2, 9, 52);
INSERT INTO public.templog (id, nodesensorlogid, temperaturef, temperaturec, humidity) VALUES (516, 571, 68.72, 20.4, 32);
INSERT INTO public.templog (id, nodesensorlogid, temperaturef, temperaturec, humidity) VALUES (517, 572, 72.68, 22.6, 32);
INSERT INTO public.templog (id, nodesensorlogid, temperaturef, temperaturec, humidity) VALUES (518, 573, 70.7, 21.5, 31);
INSERT INTO public.templog (id, nodesensorlogid, temperaturef, temperaturec, humidity) VALUES (519, 574, 71.6, 22, 20);
INSERT INTO public.templog (id, nodesensorlogid, temperaturef, temperaturec, humidity) VALUES (520, 575, 70.16, 21.2, 31);
INSERT INTO public.templog (id, nodesensorlogid, temperaturef, temperaturec, humidity) VALUES (521, 576, 48.02, 8.9, 52);
INSERT INTO public.templog (id, nodesensorlogid, temperaturef, temperaturec, humidity) VALUES (522, 577, 68.72, 20.4, 32);
INSERT INTO public.templog (id, nodesensorlogid, temperaturef, temperaturec, humidity) VALUES (523, 578, 72.68, 22.6, 33);
INSERT INTO public.templog (id, nodesensorlogid, temperaturef, temperaturec, humidity) VALUES (524, 579, 70.7, 21.5, 32);
INSERT INTO public.templog (id, nodesensorlogid, temperaturef, temperaturec, humidity) VALUES (525, 580, 71.6, 22, 20);
INSERT INTO public.templog (id, nodesensorlogid, temperaturef, temperaturec, humidity) VALUES (526, 581, 70.16, 21.2, 31);
INSERT INTO public.templog (id, nodesensorlogid, temperaturef, temperaturec, humidity) VALUES (527, 582, 48.38, 9.1, 52);
INSERT INTO public.templog (id, nodesensorlogid, temperaturef, temperaturec, humidity) VALUES (528, 583, 68.54, 20.3, 32);
INSERT INTO public.templog (id, nodesensorlogid, temperaturef, temperaturec, humidity) VALUES (529, 584, 72.5, 22.5, 33);
INSERT INTO public.templog (id, nodesensorlogid, temperaturef, temperaturec, humidity) VALUES (530, 585, 70.7, 21.5, 32);
INSERT INTO public.templog (id, nodesensorlogid, temperaturef, temperaturec, humidity) VALUES (531, 586, 71.6, 22, 20);
INSERT INTO public.templog (id, nodesensorlogid, temperaturef, temperaturec, humidity) VALUES (532, 587, 70.16, 21.2, 31);
INSERT INTO public.templog (id, nodesensorlogid, temperaturef, temperaturec, humidity) VALUES (533, 588, 48.38, 9.1, 51);
INSERT INTO public.templog (id, nodesensorlogid, temperaturef, temperaturec, humidity) VALUES (534, 589, 68.54, 20.3, 32);
INSERT INTO public.templog (id, nodesensorlogid, temperaturef, temperaturec, humidity) VALUES (535, 590, 72.68, 22.6, 33);
INSERT INTO public.templog (id, nodesensorlogid, temperaturef, temperaturec, humidity) VALUES (536, 591, 70.52, 21.4, 32);
INSERT INTO public.templog (id, nodesensorlogid, temperaturef, temperaturec, humidity) VALUES (537, 592, 71.6, 22, 20);
INSERT INTO public.templog (id, nodesensorlogid, temperaturef, temperaturec, humidity) VALUES (538, 593, 69.98, 21.1, 31);
INSERT INTO public.templog (id, nodesensorlogid, temperaturef, temperaturec, humidity) VALUES (539, 594, 48.02, 8.9, 52);
INSERT INTO public.templog (id, nodesensorlogid, temperaturef, temperaturec, humidity) VALUES (540, 595, 68.54, 20.3, 32);
INSERT INTO public.templog (id, nodesensorlogid, temperaturef, temperaturec, humidity) VALUES (541, 596, 72.68, 22.6, 33);
INSERT INTO public.templog (id, nodesensorlogid, temperaturef, temperaturec, humidity) VALUES (542, 597, 70.52, 21.4, 32);
INSERT INTO public.templog (id, nodesensorlogid, temperaturef, temperaturec, humidity) VALUES (543, 598, 71.6, 22, 20);
INSERT INTO public.templog (id, nodesensorlogid, temperaturef, temperaturec, humidity) VALUES (544, 599, 69.8, 21, 31);
INSERT INTO public.templog (id, nodesensorlogid, temperaturef, temperaturec, humidity) VALUES (545, 600, 48.2, 9, 52);
INSERT INTO public.templog (id, nodesensorlogid, temperaturef, temperaturec, humidity) VALUES (546, 601, 68.36, 20.2, 32);
INSERT INTO public.templog (id, nodesensorlogid, temperaturef, temperaturec, humidity) VALUES (547, 602, 72.68, 22.6, 33);
INSERT INTO public.templog (id, nodesensorlogid, temperaturef, temperaturec, humidity) VALUES (548, 603, 70.52, 21.4, 32);
INSERT INTO public.templog (id, nodesensorlogid, temperaturef, temperaturec, humidity) VALUES (549, 604, 71.6, 22, 20);
INSERT INTO public.templog (id, nodesensorlogid, temperaturef, temperaturec, humidity) VALUES (550, 605, 69.8, 21, 31);
INSERT INTO public.templog (id, nodesensorlogid, temperaturef, temperaturec, humidity) VALUES (551, 606, 47.84, 8.8, 52);
INSERT INTO public.templog (id, nodesensorlogid, temperaturef, temperaturec, humidity) VALUES (552, 607, 68.36, 20.2, 32);
INSERT INTO public.templog (id, nodesensorlogid, temperaturef, temperaturec, humidity) VALUES (553, 608, 72.68, 22.6, 33);
INSERT INTO public.templog (id, nodesensorlogid, temperaturef, temperaturec, humidity) VALUES (554, 609, 70.34, 21.3, 32);
INSERT INTO public.templog (id, nodesensorlogid, temperaturef, temperaturec, humidity) VALUES (555, 610, 71.6, 22, 20);
INSERT INTO public.templog (id, nodesensorlogid, temperaturef, temperaturec, humidity) VALUES (556, 611, 69.44, 20.8, 31);
INSERT INTO public.templog (id, nodesensorlogid, temperaturef, temperaturec, humidity) VALUES (557, 612, 47.84, 8.8, 52);
INSERT INTO public.templog (id, nodesensorlogid, temperaturef, temperaturec, humidity) VALUES (558, 613, 68.36, 20.2, 32);
INSERT INTO public.templog (id, nodesensorlogid, temperaturef, temperaturec, humidity) VALUES (559, 614, 72.68, 22.6, 33);
INSERT INTO public.templog (id, nodesensorlogid, temperaturef, temperaturec, humidity) VALUES (560, 615, 70.34, 21.3, 32);
INSERT INTO public.templog (id, nodesensorlogid, temperaturef, temperaturec, humidity) VALUES (561, 616, 71.6, 22, 20);
INSERT INTO public.templog (id, nodesensorlogid, temperaturef, temperaturec, humidity) VALUES (562, 617, 69.44, 20.8, 31);
INSERT INTO public.templog (id, nodesensorlogid, temperaturef, temperaturec, humidity) VALUES (563, 618, 47.84, 8.8, 52);
INSERT INTO public.templog (id, nodesensorlogid, temperaturef, temperaturec, humidity) VALUES (564, 619, 68.36, 20.2, 32);
INSERT INTO public.templog (id, nodesensorlogid, temperaturef, temperaturec, humidity) VALUES (565, 620, 72.86, 22.7, 33);
INSERT INTO public.templog (id, nodesensorlogid, temperaturef, temperaturec, humidity) VALUES (566, 621, 70.34, 21.3, 32);
INSERT INTO public.templog (id, nodesensorlogid, temperaturef, temperaturec, humidity) VALUES (567, 622, 71.6, 22, 20);
INSERT INTO public.templog (id, nodesensorlogid, temperaturef, temperaturec, humidity) VALUES (568, 623, 69.26, 20.7, 31);
INSERT INTO public.templog (id, nodesensorlogid, temperaturef, temperaturec, humidity) VALUES (569, 624, 47.84, 8.8, 52);
INSERT INTO public.templog (id, nodesensorlogid, temperaturef, temperaturec, humidity) VALUES (570, 625, 68.18, 20.1, 32);
INSERT INTO public.templog (id, nodesensorlogid, temperaturef, temperaturec, humidity) VALUES (571, 626, 72.86, 22.7, 33);
INSERT INTO public.templog (id, nodesensorlogid, temperaturef, temperaturec, humidity) VALUES (572, 627, 70.34, 21.3, 32);
INSERT INTO public.templog (id, nodesensorlogid, temperaturef, temperaturec, humidity) VALUES (573, 628, 71.6, 22, 20);
INSERT INTO public.templog (id, nodesensorlogid, temperaturef, temperaturec, humidity) VALUES (574, 629, 69.08, 20.6, 31);
INSERT INTO public.templog (id, nodesensorlogid, temperaturef, temperaturec, humidity) VALUES (575, 630, 48.02, 8.9, 52);
INSERT INTO public.templog (id, nodesensorlogid, temperaturef, temperaturec, humidity) VALUES (576, 631, 68.18, 20.1, 32);
INSERT INTO public.templog (id, nodesensorlogid, temperaturef, temperaturec, humidity) VALUES (577, 632, 72.86, 22.7, 33);
INSERT INTO public.templog (id, nodesensorlogid, temperaturef, temperaturec, humidity) VALUES (578, 633, 70.16, 21.2, 32);
INSERT INTO public.templog (id, nodesensorlogid, temperaturef, temperaturec, humidity) VALUES (579, 634, 71.6, 22, 20);
INSERT INTO public.templog (id, nodesensorlogid, temperaturef, temperaturec, humidity) VALUES (580, 635, 69.08, 20.6, 31);
INSERT INTO public.templog (id, nodesensorlogid, temperaturef, temperaturec, humidity) VALUES (581, 636, 47.84, 8.8, 52);
INSERT INTO public.templog (id, nodesensorlogid, temperaturef, temperaturec, humidity) VALUES (582, 637, 68.18, 20.1, 32);
INSERT INTO public.templog (id, nodesensorlogid, temperaturef, temperaturec, humidity) VALUES (583, 638, 72.86, 22.7, 33);
INSERT INTO public.templog (id, nodesensorlogid, temperaturef, temperaturec, humidity) VALUES (584, 639, 70.16, 21.2, 32);
INSERT INTO public.templog (id, nodesensorlogid, temperaturef, temperaturec, humidity) VALUES (585, 640, 69.8, 21, 20);
INSERT INTO public.templog (id, nodesensorlogid, temperaturef, temperaturec, humidity) VALUES (586, 641, 69.08, 20.6, 31);
INSERT INTO public.templog (id, nodesensorlogid, temperaturef, temperaturec, humidity) VALUES (587, 642, 47.84, 8.8, 52);
INSERT INTO public.templog (id, nodesensorlogid, temperaturef, temperaturec, humidity) VALUES (588, 643, 68.18, 20.1, 32);
INSERT INTO public.templog (id, nodesensorlogid, temperaturef, temperaturec, humidity) VALUES (589, 644, 72.86, 22.7, 33);
INSERT INTO public.templog (id, nodesensorlogid, temperaturef, temperaturec, humidity) VALUES (590, 645, 70.16, 21.2, 32);
INSERT INTO public.templog (id, nodesensorlogid, temperaturef, temperaturec, humidity) VALUES (591, 646, 69.8, 21, 20);
INSERT INTO public.templog (id, nodesensorlogid, temperaturef, temperaturec, humidity) VALUES (592, 647, 68.9, 20.5, 31);
INSERT INTO public.templog (id, nodesensorlogid, temperaturef, temperaturec, humidity) VALUES (593, 648, 47.84, 8.8, 52);
INSERT INTO public.templog (id, nodesensorlogid, temperaturef, temperaturec, humidity) VALUES (594, 649, 68, 20, 32);
INSERT INTO public.templog (id, nodesensorlogid, temperaturef, temperaturec, humidity) VALUES (595, 650, 72.86, 22.7, 33);
INSERT INTO public.templog (id, nodesensorlogid, temperaturef, temperaturec, humidity) VALUES (596, 651, 69.98, 21.1, 32);
INSERT INTO public.templog (id, nodesensorlogid, temperaturef, temperaturec, humidity) VALUES (597, 652, 69.8, 21, 20);
INSERT INTO public.templog (id, nodesensorlogid, temperaturef, temperaturec, humidity) VALUES (598, 653, 68.9, 20.5, 31);
INSERT INTO public.templog (id, nodesensorlogid, temperaturef, temperaturec, humidity) VALUES (599, 654, 47.84, 8.8, 52);
INSERT INTO public.templog (id, nodesensorlogid, temperaturef, temperaturec, humidity) VALUES (600, 655, 68, 20, 32);
INSERT INTO public.templog (id, nodesensorlogid, temperaturef, temperaturec, humidity) VALUES (601, 656, 73.04, 22.8, 33);
INSERT INTO public.templog (id, nodesensorlogid, temperaturef, temperaturec, humidity) VALUES (602, 657, 69.98, 21.1, 32);
INSERT INTO public.templog (id, nodesensorlogid, temperaturef, temperaturec, humidity) VALUES (603, 658, 69.8, 21, 20);
INSERT INTO public.templog (id, nodesensorlogid, temperaturef, temperaturec, humidity) VALUES (604, 659, 68.72, 20.4, 31);
INSERT INTO public.templog (id, nodesensorlogid, temperaturef, temperaturec, humidity) VALUES (605, 660, 47.84, 8.8, 52);
INSERT INTO public.templog (id, nodesensorlogid, temperaturef, temperaturec, humidity) VALUES (606, 661, 68, 20, 32);
INSERT INTO public.templog (id, nodesensorlogid, temperaturef, temperaturec, humidity) VALUES (607, 662, 72.86, 22.7, 32);
INSERT INTO public.templog (id, nodesensorlogid, temperaturef, temperaturec, humidity) VALUES (608, 663, 69.98, 21.1, 32);
INSERT INTO public.templog (id, nodesensorlogid, temperaturef, temperaturec, humidity) VALUES (609, 664, 69.8, 21, 20);
INSERT INTO public.templog (id, nodesensorlogid, temperaturef, temperaturec, humidity) VALUES (610, 665, 68.72, 20.4, 31);
INSERT INTO public.templog (id, nodesensorlogid, temperaturef, temperaturec, humidity) VALUES (611, 666, 47.66, 8.7, 52);
INSERT INTO public.templog (id, nodesensorlogid, temperaturef, temperaturec, humidity) VALUES (612, 667, 67.82, 19.9, 32);
INSERT INTO public.templog (id, nodesensorlogid, temperaturef, temperaturec, humidity) VALUES (613, 668, 73.04, 22.8, 32);
INSERT INTO public.templog (id, nodesensorlogid, temperaturef, temperaturec, humidity) VALUES (614, 669, 69.8, 21, 32);
INSERT INTO public.templog (id, nodesensorlogid, temperaturef, temperaturec, humidity) VALUES (615, 670, 69.8, 21, 20);
INSERT INTO public.templog (id, nodesensorlogid, temperaturef, temperaturec, humidity) VALUES (616, 671, 68.54, 20.3, 31);
INSERT INTO public.templog (id, nodesensorlogid, temperaturef, temperaturec, humidity) VALUES (617, 672, 47.66, 8.7, 52);
INSERT INTO public.templog (id, nodesensorlogid, temperaturef, temperaturec, humidity) VALUES (618, 673, 67.82, 19.9, 32);
INSERT INTO public.templog (id, nodesensorlogid, temperaturef, temperaturec, humidity) VALUES (619, 674, 73.04, 22.8, 33);
INSERT INTO public.templog (id, nodesensorlogid, temperaturef, temperaturec, humidity) VALUES (620, 675, 69.8, 21, 32);
INSERT INTO public.templog (id, nodesensorlogid, temperaturef, temperaturec, humidity) VALUES (621, 676, 69.8, 21, 20);
INSERT INTO public.templog (id, nodesensorlogid, temperaturef, temperaturec, humidity) VALUES (622, 677, 68.36, 20.2, 31);
INSERT INTO public.templog (id, nodesensorlogid, temperaturef, temperaturec, humidity) VALUES (623, 678, 47.66, 8.7, 52);
INSERT INTO public.templog (id, nodesensorlogid, temperaturef, temperaturec, humidity) VALUES (624, 679, 67.82, 19.9, 32);
INSERT INTO public.templog (id, nodesensorlogid, temperaturef, temperaturec, humidity) VALUES (625, 680, 72.86, 22.7, 32);
INSERT INTO public.templog (id, nodesensorlogid, temperaturef, temperaturec, humidity) VALUES (626, 681, 69.62, 20.9, 32);
INSERT INTO public.templog (id, nodesensorlogid, temperaturef, temperaturec, humidity) VALUES (627, 682, 69.8, 21, 20);
INSERT INTO public.templog (id, nodesensorlogid, temperaturef, temperaturec, humidity) VALUES (628, 683, 68.36, 20.2, 31);
INSERT INTO public.templog (id, nodesensorlogid, temperaturef, temperaturec, humidity) VALUES (629, 684, 47.66, 8.7, 52);
INSERT INTO public.templog (id, nodesensorlogid, temperaturef, temperaturec, humidity) VALUES (630, 685, 67.82, 19.9, 32);
INSERT INTO public.templog (id, nodesensorlogid, temperaturef, temperaturec, humidity) VALUES (631, 686, 73.04, 22.8, 32);
INSERT INTO public.templog (id, nodesensorlogid, temperaturef, temperaturec, humidity) VALUES (632, 687, 69.62, 20.9, 32);
INSERT INTO public.templog (id, nodesensorlogid, temperaturef, temperaturec, humidity) VALUES (633, 688, 69.8, 21, 20);
INSERT INTO public.templog (id, nodesensorlogid, temperaturef, temperaturec, humidity) VALUES (634, 689, 68.18, 20.1, 31);
INSERT INTO public.templog (id, nodesensorlogid, temperaturef, temperaturec, humidity) VALUES (635, 690, 47.84, 8.8, 52);
INSERT INTO public.templog (id, nodesensorlogid, temperaturef, temperaturec, humidity) VALUES (636, 691, 67.64, 19.8, 32);
INSERT INTO public.templog (id, nodesensorlogid, temperaturef, temperaturec, humidity) VALUES (637, 692, 73.04, 22.8, 33);
INSERT INTO public.templog (id, nodesensorlogid, temperaturef, temperaturec, humidity) VALUES (638, 693, 69.62, 20.9, 32);
INSERT INTO public.templog (id, nodesensorlogid, temperaturef, temperaturec, humidity) VALUES (639, 694, 69.8, 21, 20);
INSERT INTO public.templog (id, nodesensorlogid, temperaturef, temperaturec, humidity) VALUES (640, 695, 68.18, 20.1, 31);
INSERT INTO public.templog (id, nodesensorlogid, temperaturef, temperaturec, humidity) VALUES (641, 696, 47.66, 8.7, 52);
INSERT INTO public.templog (id, nodesensorlogid, temperaturef, temperaturec, humidity) VALUES (642, 697, 67.46, 19.7, 32);
INSERT INTO public.templog (id, nodesensorlogid, temperaturef, temperaturec, humidity) VALUES (643, 698, 72.86, 22.7, 32);
INSERT INTO public.templog (id, nodesensorlogid, temperaturef, temperaturec, humidity) VALUES (644, 699, 69.98, 21.1, 32);
INSERT INTO public.templog (id, nodesensorlogid, temperaturef, temperaturec, humidity) VALUES (645, 700, 71.6, 22, 20);
INSERT INTO public.templog (id, nodesensorlogid, temperaturef, temperaturec, humidity) VALUES (646, 701, 68.36, 20.2, 31);
INSERT INTO public.templog (id, nodesensorlogid, temperaturef, temperaturec, humidity) VALUES (647, 702, 47.84, 8.8, 52);
INSERT INTO public.templog (id, nodesensorlogid, temperaturef, temperaturec, humidity) VALUES (648, 703, 67.82, 19.9, 31);
INSERT INTO public.templog (id, nodesensorlogid, temperaturef, temperaturec, humidity) VALUES (649, 704, 73.04, 22.8, 33);
INSERT INTO public.templog (id, nodesensorlogid, temperaturef, temperaturec, humidity) VALUES (650, 705, 70.16, 21.2, 31);
INSERT INTO public.templog (id, nodesensorlogid, temperaturef, temperaturec, humidity) VALUES (651, 706, 71.6, 22, 20);
INSERT INTO public.templog (id, nodesensorlogid, temperaturef, temperaturec, humidity) VALUES (652, 707, 68.36, 20.2, 31);
INSERT INTO public.templog (id, nodesensorlogid, temperaturef, temperaturec, humidity) VALUES (653, 708, 47.84, 8.8, 52);
INSERT INTO public.templog (id, nodesensorlogid, temperaturef, temperaturec, humidity) VALUES (654, 709, 67.82, 19.9, 31);
INSERT INTO public.templog (id, nodesensorlogid, temperaturef, temperaturec, humidity) VALUES (655, 710, 73.04, 22.8, 32);
INSERT INTO public.templog (id, nodesensorlogid, temperaturef, temperaturec, humidity) VALUES (656, 711, 69.98, 21.1, 31);
INSERT INTO public.templog (id, nodesensorlogid, temperaturef, temperaturec, humidity) VALUES (657, 712, 69.8, 21, 20);
INSERT INTO public.templog (id, nodesensorlogid, temperaturef, temperaturec, humidity) VALUES (658, 713, 68.18, 20.1, 31);
INSERT INTO public.templog (id, nodesensorlogid, temperaturef, temperaturec, humidity) VALUES (659, 714, 47.66, 8.7, 52);
INSERT INTO public.templog (id, nodesensorlogid, temperaturef, temperaturec, humidity) VALUES (660, 715, 67.64, 19.8, 31);
INSERT INTO public.templog (id, nodesensorlogid, temperaturef, temperaturec, humidity) VALUES (661, 716, 73.22, 22.9, 32);
INSERT INTO public.templog (id, nodesensorlogid, temperaturef, temperaturec, humidity) VALUES (662, 717, 69.8, 21, 31);
INSERT INTO public.templog (id, nodesensorlogid, temperaturef, temperaturec, humidity) VALUES (663, 718, 69.8, 21, 20);
INSERT INTO public.templog (id, nodesensorlogid, temperaturef, temperaturec, humidity) VALUES (664, 719, 68.18, 20.1, 31);
INSERT INTO public.templog (id, nodesensorlogid, temperaturef, temperaturec, humidity) VALUES (665, 720, 47.66, 8.7, 52);
INSERT INTO public.templog (id, nodesensorlogid, temperaturef, temperaturec, humidity) VALUES (666, 721, 67.64, 19.8, 31);
INSERT INTO public.templog (id, nodesensorlogid, temperaturef, temperaturec, humidity) VALUES (667, 722, 73.22, 22.9, 32);
INSERT INTO public.templog (id, nodesensorlogid, temperaturef, temperaturec, humidity) VALUES (668, 723, 69.62, 20.9, 32);
INSERT INTO public.templog (id, nodesensorlogid, temperaturef, temperaturec, humidity) VALUES (669, 724, 69.8, 21, 20);
INSERT INTO public.templog (id, nodesensorlogid, temperaturef, temperaturec, humidity) VALUES (670, 725, 68.18, 20.1, 31);
INSERT INTO public.templog (id, nodesensorlogid, temperaturef, temperaturec, humidity) VALUES (671, 726, 47.66, 8.7, 52);
INSERT INTO public.templog (id, nodesensorlogid, temperaturef, temperaturec, humidity) VALUES (672, 727, 67.46, 19.7, 31);
INSERT INTO public.templog (id, nodesensorlogid, temperaturef, temperaturec, humidity) VALUES (673, 728, 73.04, 22.8, 31);
INSERT INTO public.templog (id, nodesensorlogid, temperaturef, temperaturec, humidity) VALUES (674, 729, 69.98, 21.1, 31);
INSERT INTO public.templog (id, nodesensorlogid, temperaturef, temperaturec, humidity) VALUES (675, 730, 69.8, 21, 20);
INSERT INTO public.templog (id, nodesensorlogid, temperaturef, temperaturec, humidity) VALUES (676, 731, 68.18, 20.1, 31);
INSERT INTO public.templog (id, nodesensorlogid, temperaturef, temperaturec, humidity) VALUES (677, 732, 47.48, 8.6, 52);
INSERT INTO public.templog (id, nodesensorlogid, temperaturef, temperaturec, humidity) VALUES (678, 733, 67.64, 19.8, 31);
INSERT INTO public.templog (id, nodesensorlogid, temperaturef, temperaturec, humidity) VALUES (679, 734, 73.22, 22.9, 33);
INSERT INTO public.templog (id, nodesensorlogid, temperaturef, temperaturec, humidity) VALUES (680, 735, 69.98, 21.1, 31);
INSERT INTO public.templog (id, nodesensorlogid, temperaturef, temperaturec, humidity) VALUES (681, 736, 71.6, 22, 20);
INSERT INTO public.templog (id, nodesensorlogid, temperaturef, temperaturec, humidity) VALUES (682, 737, 68.18, 20.1, 31);
INSERT INTO public.templog (id, nodesensorlogid, temperaturef, temperaturec, humidity) VALUES (683, 738, 47.48, 8.6, 52);
INSERT INTO public.templog (id, nodesensorlogid, temperaturef, temperaturec, humidity) VALUES (684, 739, 67.64, 19.8, 30);
INSERT INTO public.templog (id, nodesensorlogid, temperaturef, temperaturec, humidity) VALUES (685, 740, 73.04, 22.8, 32);
INSERT INTO public.templog (id, nodesensorlogid, temperaturef, temperaturec, humidity) VALUES (686, 741, 69.8, 21, 31);
INSERT INTO public.templog (id, nodesensorlogid, temperaturef, temperaturec, humidity) VALUES (687, 742, 69.8, 21, 20);
INSERT INTO public.templog (id, nodesensorlogid, temperaturef, temperaturec, humidity) VALUES (688, 743, 68.18, 20.1, 31);
INSERT INTO public.templog (id, nodesensorlogid, temperaturef, temperaturec, humidity) VALUES (689, 744, 47.48, 8.6, 52);
INSERT INTO public.templog (id, nodesensorlogid, temperaturef, temperaturec, humidity) VALUES (690, 745, 67.46, 19.7, 31);
INSERT INTO public.templog (id, nodesensorlogid, temperaturef, temperaturec, humidity) VALUES (691, 746, 72.32, 22.4, 33);
INSERT INTO public.templog (id, nodesensorlogid, temperaturef, temperaturec, humidity) VALUES (692, 747, 69.62, 20.9, 31);
INSERT INTO public.templog (id, nodesensorlogid, temperaturef, temperaturec, humidity) VALUES (693, 748, 69.8, 21, 20);
INSERT INTO public.templog (id, nodesensorlogid, temperaturef, temperaturec, humidity) VALUES (694, 749, 68, 20, 31);
INSERT INTO public.templog (id, nodesensorlogid, temperaturef, temperaturec, humidity) VALUES (695, 750, 47.48, 8.6, 52);
INSERT INTO public.templog (id, nodesensorlogid, temperaturef, temperaturec, humidity) VALUES (696, 751, 67.46, 19.7, 31);
INSERT INTO public.templog (id, nodesensorlogid, temperaturef, temperaturec, humidity) VALUES (697, 752, 71.96, 22.2, 33);
INSERT INTO public.templog (id, nodesensorlogid, temperaturef, temperaturec, humidity) VALUES (698, 753, 69.44, 20.8, 31);
INSERT INTO public.templog (id, nodesensorlogid, temperaturef, temperaturec, humidity) VALUES (699, 754, 69.8, 21, 20);
INSERT INTO public.templog (id, nodesensorlogid, temperaturef, temperaturec, humidity) VALUES (700, 755, 68, 20, 31);
INSERT INTO public.templog (id, nodesensorlogid, temperaturef, temperaturec, humidity) VALUES (701, 756, 47.48, 8.6, 52);
INSERT INTO public.templog (id, nodesensorlogid, temperaturef, temperaturec, humidity) VALUES (702, 757, 67.46, 19.7, 31);
INSERT INTO public.templog (id, nodesensorlogid, temperaturef, temperaturec, humidity) VALUES (703, 758, 71.78, 22.1, 35);
INSERT INTO public.templog (id, nodesensorlogid, temperaturef, temperaturec, humidity) VALUES (704, 759, 69.98, 21.1, 31);
INSERT INTO public.templog (id, nodesensorlogid, temperaturef, temperaturec, humidity) VALUES (705, 760, 71.6, 22, 20);
INSERT INTO public.templog (id, nodesensorlogid, temperaturef, temperaturec, humidity) VALUES (706, 761, 68.18, 20.1, 31);
INSERT INTO public.templog (id, nodesensorlogid, temperaturef, temperaturec, humidity) VALUES (707, 762, 47.48, 8.6, 52);
INSERT INTO public.templog (id, nodesensorlogid, temperaturef, temperaturec, humidity) VALUES (708, 763, 67.64, 19.8, 30);
INSERT INTO public.templog (id, nodesensorlogid, temperaturef, temperaturec, humidity) VALUES (709, 764, 71.6, 22, 35);
INSERT INTO public.templog (id, nodesensorlogid, temperaturef, temperaturec, humidity) VALUES (710, 765, 69.8, 21, 31);
INSERT INTO public.templog (id, nodesensorlogid, temperaturef, temperaturec, humidity) VALUES (711, 766, 69.8, 21, 20);
INSERT INTO public.templog (id, nodesensorlogid, temperaturef, temperaturec, humidity) VALUES (712, 767, 68.18, 20.1, 31);
INSERT INTO public.templog (id, nodesensorlogid, temperaturef, temperaturec, humidity) VALUES (713, 768, 47.48, 8.6, 52);
INSERT INTO public.templog (id, nodesensorlogid, temperaturef, temperaturec, humidity) VALUES (714, 769, 67.46, 19.7, 30);
INSERT INTO public.templog (id, nodesensorlogid, temperaturef, temperaturec, humidity) VALUES (715, 770, 71.42, 21.9, 35);
INSERT INTO public.templog (id, nodesensorlogid, temperaturef, temperaturec, humidity) VALUES (716, 771, 69.44, 20.8, 31);
INSERT INTO public.templog (id, nodesensorlogid, temperaturef, temperaturec, humidity) VALUES (717, 772, 69.8, 21, 20);
INSERT INTO public.templog (id, nodesensorlogid, temperaturef, temperaturec, humidity) VALUES (718, 773, 68, 20, 31);
INSERT INTO public.templog (id, nodesensorlogid, temperaturef, temperaturec, humidity) VALUES (719, 774, 47.48, 8.6, 52);
INSERT INTO public.templog (id, nodesensorlogid, temperaturef, temperaturec, humidity) VALUES (720, 775, 67.28, 19.6, 30);
INSERT INTO public.templog (id, nodesensorlogid, temperaturef, temperaturec, humidity) VALUES (721, 776, 71.24, 21.8, 35);
INSERT INTO public.templog (id, nodesensorlogid, temperaturef, temperaturec, humidity) VALUES (722, 777, 69.44, 20.8, 31);
INSERT INTO public.templog (id, nodesensorlogid, temperaturef, temperaturec, humidity) VALUES (723, 778, 69.8, 21, 20);
INSERT INTO public.templog (id, nodesensorlogid, temperaturef, temperaturec, humidity) VALUES (724, 779, 67.82, 19.9, 31);
INSERT INTO public.templog (id, nodesensorlogid, temperaturef, temperaturec, humidity) VALUES (725, 780, 47.48, 8.6, 52);
INSERT INTO public.templog (id, nodesensorlogid, temperaturef, temperaturec, humidity) VALUES (726, 781, 67.28, 19.6, 30);
INSERT INTO public.templog (id, nodesensorlogid, temperaturef, temperaturec, humidity) VALUES (727, 782, 71.06, 21.7, 36);
INSERT INTO public.templog (id, nodesensorlogid, temperaturef, temperaturec, humidity) VALUES (728, 783, 69.98, 21.1, 30);
INSERT INTO public.templog (id, nodesensorlogid, temperaturef, temperaturec, humidity) VALUES (729, 784, 71.6, 22, 20);
INSERT INTO public.templog (id, nodesensorlogid, temperaturef, temperaturec, humidity) VALUES (730, 785, 68, 20, 31);
INSERT INTO public.templog (id, nodesensorlogid, temperaturef, temperaturec, humidity) VALUES (731, 786, 47.3, 8.5, 52);
INSERT INTO public.templog (id, nodesensorlogid, temperaturef, temperaturec, humidity) VALUES (732, 787, 67.64, 19.8, 30);
INSERT INTO public.templog (id, nodesensorlogid, temperaturef, temperaturec, humidity) VALUES (733, 788, 70.88, 21.6, 35);
INSERT INTO public.templog (id, nodesensorlogid, temperaturef, temperaturec, humidity) VALUES (734, 789, 69.62, 20.9, 30);
INSERT INTO public.templog (id, nodesensorlogid, temperaturef, temperaturec, humidity) VALUES (735, 790, 69.8, 21, 20);
INSERT INTO public.templog (id, nodesensorlogid, temperaturef, temperaturec, humidity) VALUES (736, 791, 68, 20, 31);
INSERT INTO public.templog (id, nodesensorlogid, temperaturef, temperaturec, humidity) VALUES (737, 792, 47.48, 8.6, 52);
INSERT INTO public.templog (id, nodesensorlogid, temperaturef, temperaturec, humidity) VALUES (738, 793, 67.46, 19.7, 30);
INSERT INTO public.templog (id, nodesensorlogid, temperaturef, temperaturec, humidity) VALUES (739, 794, 70.88, 21.6, 35);
INSERT INTO public.templog (id, nodesensorlogid, temperaturef, temperaturec, humidity) VALUES (740, 795, 69.44, 20.8, 31);
INSERT INTO public.templog (id, nodesensorlogid, temperaturef, temperaturec, humidity) VALUES (741, 796, 69.8, 21, 20);
INSERT INTO public.templog (id, nodesensorlogid, temperaturef, temperaturec, humidity) VALUES (742, 797, 68, 20, 31);
INSERT INTO public.templog (id, nodesensorlogid, temperaturef, temperaturec, humidity) VALUES (743, 798, 47.3, 8.5, 52);
INSERT INTO public.templog (id, nodesensorlogid, temperaturef, temperaturec, humidity) VALUES (744, 799, 67.28, 19.6, 30);
INSERT INTO public.templog (id, nodesensorlogid, temperaturef, temperaturec, humidity) VALUES (745, 800, 70.7, 21.5, 36);
INSERT INTO public.templog (id, nodesensorlogid, temperaturef, temperaturec, humidity) VALUES (746, 801, 69.44, 20.8, 31);
INSERT INTO public.templog (id, nodesensorlogid, temperaturef, temperaturec, humidity) VALUES (747, 802, 69.8, 21, 20);
INSERT INTO public.templog (id, nodesensorlogid, temperaturef, temperaturec, humidity) VALUES (748, 803, 67.82, 19.9, 31);
INSERT INTO public.templog (id, nodesensorlogid, temperaturef, temperaturec, humidity) VALUES (749, 804, 47.48, 8.6, 52);
INSERT INTO public.templog (id, nodesensorlogid, temperaturef, temperaturec, humidity) VALUES (750, 805, 67.28, 19.6, 30);
INSERT INTO public.templog (id, nodesensorlogid, temperaturef, temperaturec, humidity) VALUES (751, 806, 70.52, 21.4, 36);
INSERT INTO public.templog (id, nodesensorlogid, temperaturef, temperaturec, humidity) VALUES (752, 807, 69.8, 21, 30);
INSERT INTO public.templog (id, nodesensorlogid, temperaturef, temperaturec, humidity) VALUES (753, 808, 71.6, 22, 20);
INSERT INTO public.templog (id, nodesensorlogid, temperaturef, temperaturec, humidity) VALUES (754, 809, 68, 20, 31);
INSERT INTO public.templog (id, nodesensorlogid, temperaturef, temperaturec, humidity) VALUES (755, 810, 47.48, 8.6, 52);
INSERT INTO public.templog (id, nodesensorlogid, temperaturef, temperaturec, humidity) VALUES (756, 811, 67.46, 19.7, 30);
INSERT INTO public.templog (id, nodesensorlogid, temperaturef, temperaturec, humidity) VALUES (757, 812, 70.52, 21.4, 36);
INSERT INTO public.templog (id, nodesensorlogid, temperaturef, temperaturec, humidity) VALUES (758, 813, 69.62, 20.9, 30);
INSERT INTO public.templog (id, nodesensorlogid, temperaturef, temperaturec, humidity) VALUES (759, 814, 69.8, 21, 20);
INSERT INTO public.templog (id, nodesensorlogid, temperaturef, temperaturec, humidity) VALUES (760, 815, 68, 20, 31);
INSERT INTO public.templog (id, nodesensorlogid, temperaturef, temperaturec, humidity) VALUES (761, 816, 47.3, 8.5, 52);
INSERT INTO public.templog (id, nodesensorlogid, temperaturef, temperaturec, humidity) VALUES (762, 817, 67.28, 19.6, 30);
INSERT INTO public.templog (id, nodesensorlogid, temperaturef, temperaturec, humidity) VALUES (763, 818, 70.34, 21.3, 36);
INSERT INTO public.templog (id, nodesensorlogid, temperaturef, temperaturec, humidity) VALUES (764, 819, 69.44, 20.8, 30);
INSERT INTO public.templog (id, nodesensorlogid, temperaturef, temperaturec, humidity) VALUES (765, 820, 69.8, 21, 20);
INSERT INTO public.templog (id, nodesensorlogid, temperaturef, temperaturec, humidity) VALUES (766, 821, 68, 20, 31);
INSERT INTO public.templog (id, nodesensorlogid, temperaturef, temperaturec, humidity) VALUES (767, 822, 47.12, 8.4, 52);
INSERT INTO public.templog (id, nodesensorlogid, temperaturef, temperaturec, humidity) VALUES (768, 823, 67.1, 19.5, 30);
INSERT INTO public.templog (id, nodesensorlogid, temperaturef, temperaturec, humidity) VALUES (769, 824, 70.34, 21.3, 36);
INSERT INTO public.templog (id, nodesensorlogid, temperaturef, temperaturec, humidity) VALUES (770, 825, 69.44, 20.8, 30);
INSERT INTO public.templog (id, nodesensorlogid, temperaturef, temperaturec, humidity) VALUES (771, 826, 69.8, 21, 20);
INSERT INTO public.templog (id, nodesensorlogid, temperaturef, temperaturec, humidity) VALUES (772, 827, 68, 20, 31);
INSERT INTO public.templog (id, nodesensorlogid, temperaturef, temperaturec, humidity) VALUES (773, 828, 47.12, 8.4, 52);
INSERT INTO public.templog (id, nodesensorlogid, temperaturef, temperaturec, humidity) VALUES (774, 829, 67.28, 19.6, 30);
INSERT INTO public.templog (id, nodesensorlogid, temperaturef, temperaturec, humidity) VALUES (775, 830, 70.16, 21.2, 36);
INSERT INTO public.templog (id, nodesensorlogid, temperaturef, temperaturec, humidity) VALUES (776, 831, 69.8, 21, 30);
INSERT INTO public.templog (id, nodesensorlogid, temperaturef, temperaturec, humidity) VALUES (777, 832, 71.6, 22, 20);
INSERT INTO public.templog (id, nodesensorlogid, temperaturef, temperaturec, humidity) VALUES (778, 833, 68, 20, 31);
INSERT INTO public.templog (id, nodesensorlogid, temperaturef, temperaturec, humidity) VALUES (779, 834, 47.12, 8.4, 52);
INSERT INTO public.templog (id, nodesensorlogid, temperaturef, temperaturec, humidity) VALUES (780, 835, 67.46, 19.7, 29);
INSERT INTO public.templog (id, nodesensorlogid, temperaturef, temperaturec, humidity) VALUES (781, 836, 70.16, 21.2, 36);
INSERT INTO public.templog (id, nodesensorlogid, temperaturef, temperaturec, humidity) VALUES (782, 837, 69.44, 20.8, 30);
INSERT INTO public.templog (id, nodesensorlogid, temperaturef, temperaturec, humidity) VALUES (783, 838, 69.8, 21, 20);
INSERT INTO public.templog (id, nodesensorlogid, temperaturef, temperaturec, humidity) VALUES (784, 839, 68, 20, 31);
INSERT INTO public.templog (id, nodesensorlogid, temperaturef, temperaturec, humidity) VALUES (785, 840, 47.3, 8.5, 52);
INSERT INTO public.templog (id, nodesensorlogid, temperaturef, temperaturec, humidity) VALUES (786, 841, 67.28, 19.6, 29);
INSERT INTO public.templog (id, nodesensorlogid, temperaturef, temperaturec, humidity) VALUES (787, 842, 69.98, 21.1, 36);
INSERT INTO public.templog (id, nodesensorlogid, temperaturef, temperaturec, humidity) VALUES (788, 843, 69.26, 20.7, 30);
INSERT INTO public.templog (id, nodesensorlogid, temperaturef, temperaturec, humidity) VALUES (789, 844, 69.8, 21, 20);
INSERT INTO public.templog (id, nodesensorlogid, temperaturef, temperaturec, humidity) VALUES (790, 845, 68, 20, 31);
INSERT INTO public.templog (id, nodesensorlogid, temperaturef, temperaturec, humidity) VALUES (791, 846, 47.12, 8.4, 52);
INSERT INTO public.templog (id, nodesensorlogid, temperaturef, temperaturec, humidity) VALUES (792, 847, 67.1, 19.5, 30);
INSERT INTO public.templog (id, nodesensorlogid, temperaturef, temperaturec, humidity) VALUES (793, 848, 69.98, 21.1, 36);
INSERT INTO public.templog (id, nodesensorlogid, temperaturef, temperaturec, humidity) VALUES (794, 849, 69.44, 20.8, 30);
INSERT INTO public.templog (id, nodesensorlogid, temperaturef, temperaturec, humidity) VALUES (795, 850, 69.8, 21, 20);
INSERT INTO public.templog (id, nodesensorlogid, temperaturef, temperaturec, humidity) VALUES (796, 851, 68, 20, 31);
INSERT INTO public.templog (id, nodesensorlogid, temperaturef, temperaturec, humidity) VALUES (797, 852, 47.12, 8.4, 52);
INSERT INTO public.templog (id, nodesensorlogid, temperaturef, temperaturec, humidity) VALUES (798, 853, 67.28, 19.6, 29);
INSERT INTO public.templog (id, nodesensorlogid, temperaturef, temperaturec, humidity) VALUES (799, 854, 69.8, 21, 36);
INSERT INTO public.templog (id, nodesensorlogid, temperaturef, temperaturec, humidity) VALUES (800, 855, 69.62, 20.9, 30);
INSERT INTO public.templog (id, nodesensorlogid, temperaturef, temperaturec, humidity) VALUES (801, 856, 71.6, 22, 20);
INSERT INTO public.templog (id, nodesensorlogid, temperaturef, temperaturec, humidity) VALUES (802, 857, 68, 20, 31);
INSERT INTO public.templog (id, nodesensorlogid, temperaturef, temperaturec, humidity) VALUES (803, 858, 47.12, 8.4, 52);
INSERT INTO public.templog (id, nodesensorlogid, temperaturef, temperaturec, humidity) VALUES (804, 859, 67.28, 19.6, 29);
INSERT INTO public.templog (id, nodesensorlogid, temperaturef, temperaturec, humidity) VALUES (805, 860, 69.62, 20.9, 36);
INSERT INTO public.templog (id, nodesensorlogid, temperaturef, temperaturec, humidity) VALUES (806, 861, 69.44, 20.8, 30);
INSERT INTO public.templog (id, nodesensorlogid, temperaturef, temperaturec, humidity) VALUES (807, 862, 69.8, 21, 20);
INSERT INTO public.templog (id, nodesensorlogid, temperaturef, temperaturec, humidity) VALUES (808, 863, 68, 20, 31);
INSERT INTO public.templog (id, nodesensorlogid, temperaturef, temperaturec, humidity) VALUES (809, 864, 47.12, 8.4, 52);
INSERT INTO public.templog (id, nodesensorlogid, temperaturef, temperaturec, humidity) VALUES (810, 865, 67.1, 19.5, 29);
INSERT INTO public.templog (id, nodesensorlogid, temperaturef, temperaturec, humidity) VALUES (811, 866, 69.44, 20.8, 37);
INSERT INTO public.templog (id, nodesensorlogid, temperaturef, temperaturec, humidity) VALUES (812, 867, 69.26, 20.7, 30);
INSERT INTO public.templog (id, nodesensorlogid, temperaturef, temperaturec, humidity) VALUES (813, 868, 69.8, 21, 20);
INSERT INTO public.templog (id, nodesensorlogid, temperaturef, temperaturec, humidity) VALUES (814, 869, 68, 20, 31);
INSERT INTO public.templog (id, nodesensorlogid, temperaturef, temperaturec, humidity) VALUES (815, 870, 46.94, 8.3, 52);
INSERT INTO public.templog (id, nodesensorlogid, temperaturef, temperaturec, humidity) VALUES (816, 871, 66.92, 19.4, 30);
INSERT INTO public.templog (id, nodesensorlogid, temperaturef, temperaturec, humidity) VALUES (817, 872, 69.44, 20.8, 36);
INSERT INTO public.templog (id, nodesensorlogid, temperaturef, temperaturec, humidity) VALUES (818, 873, 69.62, 20.9, 30);
INSERT INTO public.templog (id, nodesensorlogid, temperaturef, temperaturec, humidity) VALUES (819, 874, 71.6, 22, 20);
INSERT INTO public.templog (id, nodesensorlogid, temperaturef, temperaturec, humidity) VALUES (820, 875, 68, 20, 31);
INSERT INTO public.templog (id, nodesensorlogid, temperaturef, temperaturec, humidity) VALUES (821, 876, 46.94, 8.3, 52);
INSERT INTO public.templog (id, nodesensorlogid, temperaturef, temperaturec, humidity) VALUES (822, 877, 67.28, 19.6, 29);
INSERT INTO public.templog (id, nodesensorlogid, temperaturef, temperaturec, humidity) VALUES (823, 878, 69.44, 20.8, 36);
INSERT INTO public.templog (id, nodesensorlogid, temperaturef, temperaturec, humidity) VALUES (824, 879, 69.44, 20.8, 30);
INSERT INTO public.templog (id, nodesensorlogid, temperaturef, temperaturec, humidity) VALUES (825, 880, 69.8, 21, 20);
INSERT INTO public.templog (id, nodesensorlogid, temperaturef, temperaturec, humidity) VALUES (826, 881, 68, 20, 31);
INSERT INTO public.templog (id, nodesensorlogid, temperaturef, temperaturec, humidity) VALUES (827, 882, 46.94, 8.3, 52);
INSERT INTO public.templog (id, nodesensorlogid, temperaturef, temperaturec, humidity) VALUES (828, 883, 67.28, 19.6, 29);
INSERT INTO public.templog (id, nodesensorlogid, temperaturef, temperaturec, humidity) VALUES (829, 884, 69.26, 20.7, 36);
INSERT INTO public.templog (id, nodesensorlogid, temperaturef, temperaturec, humidity) VALUES (830, 885, 69.26, 20.7, 30);
INSERT INTO public.templog (id, nodesensorlogid, temperaturef, temperaturec, humidity) VALUES (831, 886, 69.8, 21, 20);
INSERT INTO public.templog (id, nodesensorlogid, temperaturef, temperaturec, humidity) VALUES (832, 887, 68, 20, 32);
INSERT INTO public.templog (id, nodesensorlogid, temperaturef, temperaturec, humidity) VALUES (833, 888, 46.94, 8.3, 52);
INSERT INTO public.templog (id, nodesensorlogid, temperaturef, temperaturec, humidity) VALUES (834, 889, 66.92, 19.4, 30);
INSERT INTO public.templog (id, nodesensorlogid, temperaturef, temperaturec, humidity) VALUES (835, 890, 69.08, 20.6, 36);
INSERT INTO public.templog (id, nodesensorlogid, temperaturef, temperaturec, humidity) VALUES (836, 891, 69.08, 20.6, 30);
INSERT INTO public.templog (id, nodesensorlogid, temperaturef, temperaturec, humidity) VALUES (837, 892, 69.8, 21, 20);
INSERT INTO public.templog (id, nodesensorlogid, temperaturef, temperaturec, humidity) VALUES (838, 893, 67.82, 19.9, 31);
INSERT INTO public.templog (id, nodesensorlogid, temperaturef, temperaturec, humidity) VALUES (839, 894, 46.94, 8.3, 52);
INSERT INTO public.templog (id, nodesensorlogid, temperaturef, temperaturec, humidity) VALUES (840, 895, 66.92, 19.4, 30);
INSERT INTO public.templog (id, nodesensorlogid, temperaturef, temperaturec, humidity) VALUES (841, 896, 69.08, 20.6, 36);
INSERT INTO public.templog (id, nodesensorlogid, temperaturef, temperaturec, humidity) VALUES (842, 897, 69.62, 20.9, 30);
INSERT INTO public.templog (id, nodesensorlogid, temperaturef, temperaturec, humidity) VALUES (843, 898, 71.6, 22, 20);
INSERT INTO public.templog (id, nodesensorlogid, temperaturef, temperaturec, humidity) VALUES (844, 899, 68, 20, 31);
INSERT INTO public.templog (id, nodesensorlogid, temperaturef, temperaturec, humidity) VALUES (845, 900, 46.94, 8.3, 52);
INSERT INTO public.templog (id, nodesensorlogid, temperaturef, temperaturec, humidity) VALUES (846, 901, 67.28, 19.6, 29);
INSERT INTO public.templog (id, nodesensorlogid, temperaturef, temperaturec, humidity) VALUES (847, 902, 69.08, 20.6, 30);
INSERT INTO public.templog (id, nodesensorlogid, temperaturef, temperaturec, humidity) VALUES (848, 903, 69.8, 21, 20);
INSERT INTO public.templog (id, nodesensorlogid, temperaturef, temperaturec, humidity) VALUES (849, 904, 68, 20, 31);
INSERT INTO public.templog (id, nodesensorlogid, temperaturef, temperaturec, humidity) VALUES (850, 905, 46.76, 8.2, 51);
INSERT INTO public.templog (id, nodesensorlogid, temperaturef, temperaturec, humidity) VALUES (851, 906, 66.92, 19.4, 29);
INSERT INTO public.templog (id, nodesensorlogid, temperaturef, temperaturec, humidity) VALUES (852, 907, 70.16, 21.2, 35);
INSERT INTO public.templog (id, nodesensorlogid, temperaturef, temperaturec, humidity) VALUES (853, 908, 69.08, 20.6, 30);
INSERT INTO public.templog (id, nodesensorlogid, temperaturef, temperaturec, humidity) VALUES (854, 909, 69.8, 21, 20);
INSERT INTO public.templog (id, nodesensorlogid, temperaturef, temperaturec, humidity) VALUES (855, 910, 67.82, 19.9, 31);
INSERT INTO public.templog (id, nodesensorlogid, temperaturef, temperaturec, humidity) VALUES (856, 911, 46.76, 8.2, 51);
INSERT INTO public.templog (id, nodesensorlogid, temperaturef, temperaturec, humidity) VALUES (857, 912, 66.92, 19.4, 30);
INSERT INTO public.templog (id, nodesensorlogid, temperaturef, temperaturec, humidity) VALUES (858, 913, 70.34, 21.3, 34);
INSERT INTO public.templog (id, nodesensorlogid, temperaturef, temperaturec, humidity) VALUES (859, 914, 69.62, 20.9, 30);
INSERT INTO public.templog (id, nodesensorlogid, temperaturef, temperaturec, humidity) VALUES (860, 915, 71.6, 22, 20);
INSERT INTO public.templog (id, nodesensorlogid, temperaturef, temperaturec, humidity) VALUES (861, 916, 68, 20, 31);
INSERT INTO public.templog (id, nodesensorlogid, temperaturef, temperaturec, humidity) VALUES (862, 917, 46.58, 8.1, 52);
INSERT INTO public.templog (id, nodesensorlogid, temperaturef, temperaturec, humidity) VALUES (863, 918, 67.28, 19.6, 29);
INSERT INTO public.templog (id, nodesensorlogid, temperaturef, temperaturec, humidity) VALUES (864, 919, 70.7, 21.5, 34);
INSERT INTO public.templog (id, nodesensorlogid, temperaturef, temperaturec, humidity) VALUES (865, 920, 69.26, 20.7, 30);
INSERT INTO public.templog (id, nodesensorlogid, temperaturef, temperaturec, humidity) VALUES (866, 921, 69.8, 21, 20);
INSERT INTO public.templog (id, nodesensorlogid, temperaturef, temperaturec, humidity) VALUES (867, 922, 68, 20, 31);
INSERT INTO public.templog (id, nodesensorlogid, temperaturef, temperaturec, humidity) VALUES (868, 923, 46.58, 8.1, 51);
INSERT INTO public.templog (id, nodesensorlogid, temperaturef, temperaturec, humidity) VALUES (869, 924, 66.92, 19.4, 29);
INSERT INTO public.templog (id, nodesensorlogid, temperaturef, temperaturec, humidity) VALUES (870, 925, 70.7, 21.5, 33);
INSERT INTO public.templog (id, nodesensorlogid, temperaturef, temperaturec, humidity) VALUES (871, 926, 69.08, 20.6, 30);
INSERT INTO public.templog (id, nodesensorlogid, temperaturef, temperaturec, humidity) VALUES (872, 927, 69.8, 21, 20);
INSERT INTO public.templog (id, nodesensorlogid, temperaturef, temperaturec, humidity) VALUES (873, 928, 68, 20, 31);
INSERT INTO public.templog (id, nodesensorlogid, temperaturef, temperaturec, humidity) VALUES (874, 929, 46.58, 8.1, 51);
INSERT INTO public.templog (id, nodesensorlogid, temperaturef, temperaturec, humidity) VALUES (875, 930, 66.92, 19.4, 29);
INSERT INTO public.templog (id, nodesensorlogid, temperaturef, temperaturec, humidity) VALUES (876, 931, 70.7, 21.5, 32);
INSERT INTO public.templog (id, nodesensorlogid, temperaturef, temperaturec, humidity) VALUES (877, 932, 68.9, 20.5, 30);
INSERT INTO public.templog (id, nodesensorlogid, temperaturef, temperaturec, humidity) VALUES (878, 933, 69.8, 21, 20);
INSERT INTO public.templog (id, nodesensorlogid, temperaturef, temperaturec, humidity) VALUES (879, 934, 67.82, 19.9, 31);
INSERT INTO public.templog (id, nodesensorlogid, temperaturef, temperaturec, humidity) VALUES (880, 935, 46.4, 8, 51);
INSERT INTO public.templog (id, nodesensorlogid, temperaturef, temperaturec, humidity) VALUES (881, 936, 66.92, 19.4, 30);
INSERT INTO public.templog (id, nodesensorlogid, temperaturef, temperaturec, humidity) VALUES (882, 937, 70.7, 21.5, 32);
INSERT INTO public.templog (id, nodesensorlogid, temperaturef, temperaturec, humidity) VALUES (883, 938, 69.62, 20.9, 29);
INSERT INTO public.templog (id, nodesensorlogid, temperaturef, temperaturec, humidity) VALUES (884, 939, 71.6, 22, 20);
INSERT INTO public.templog (id, nodesensorlogid, temperaturef, temperaturec, humidity) VALUES (885, 940, 68, 20, 31);
INSERT INTO public.templog (id, nodesensorlogid, temperaturef, temperaturec, humidity) VALUES (886, 941, 46.22, 7.9, 52);
INSERT INTO public.templog (id, nodesensorlogid, temperaturef, temperaturec, humidity) VALUES (887, 942, 67.1, 19.5, 29);
INSERT INTO public.templog (id, nodesensorlogid, temperaturef, temperaturec, humidity) VALUES (888, 943, 70.88, 21.6, 32);
INSERT INTO public.templog (id, nodesensorlogid, temperaturef, temperaturec, humidity) VALUES (889, 944, 69.26, 20.7, 29);
INSERT INTO public.templog (id, nodesensorlogid, temperaturef, temperaturec, humidity) VALUES (890, 945, 69.8, 21, 20);
INSERT INTO public.templog (id, nodesensorlogid, temperaturef, temperaturec, humidity) VALUES (891, 946, 68, 20, 31);
INSERT INTO public.templog (id, nodesensorlogid, temperaturef, temperaturec, humidity) VALUES (892, 947, 46.4, 8, 52);
INSERT INTO public.templog (id, nodesensorlogid, temperaturef, temperaturec, humidity) VALUES (893, 948, 66.92, 19.4, 29);
INSERT INTO public.templog (id, nodesensorlogid, temperaturef, temperaturec, humidity) VALUES (894, 949, 70.88, 21.6, 32);
INSERT INTO public.templog (id, nodesensorlogid, temperaturef, temperaturec, humidity) VALUES (895, 950, 68.9, 20.5, 30);
INSERT INTO public.templog (id, nodesensorlogid, temperaturef, temperaturec, humidity) VALUES (896, 951, 69.8, 21, 20);
INSERT INTO public.templog (id, nodesensorlogid, temperaturef, temperaturec, humidity) VALUES (897, 952, 67.82, 19.9, 31);
INSERT INTO public.templog (id, nodesensorlogid, temperaturef, temperaturec, humidity) VALUES (898, 953, 46.22, 7.9, 52);
INSERT INTO public.templog (id, nodesensorlogid, temperaturef, temperaturec, humidity) VALUES (899, 954, 66.74, 19.3, 29);
INSERT INTO public.templog (id, nodesensorlogid, temperaturef, temperaturec, humidity) VALUES (900, 955, 70.88, 21.6, 32);
INSERT INTO public.templog (id, nodesensorlogid, temperaturef, temperaturec, humidity) VALUES (901, 956, 68.9, 20.5, 30);
INSERT INTO public.templog (id, nodesensorlogid, temperaturef, temperaturec, humidity) VALUES (902, 957, 69.8, 21, 20);
INSERT INTO public.templog (id, nodesensorlogid, temperaturef, temperaturec, humidity) VALUES (903, 958, 67.82, 19.9, 31);
INSERT INTO public.templog (id, nodesensorlogid, temperaturef, temperaturec, humidity) VALUES (904, 959, 46.04, 7.8, 52);
INSERT INTO public.templog (id, nodesensorlogid, temperaturef, temperaturec, humidity) VALUES (905, 960, 66.74, 19.3, 29);
INSERT INTO public.templog (id, nodesensorlogid, temperaturef, temperaturec, humidity) VALUES (906, 961, 70.88, 21.6, 32);
INSERT INTO public.templog (id, nodesensorlogid, temperaturef, temperaturec, humidity) VALUES (907, 962, 69.44, 20.8, 29);
INSERT INTO public.templog (id, nodesensorlogid, temperaturef, temperaturec, humidity) VALUES (908, 963, 71.6, 22, 20);
INSERT INTO public.templog (id, nodesensorlogid, temperaturef, temperaturec, humidity) VALUES (909, 964, 68, 20, 31);
INSERT INTO public.templog (id, nodesensorlogid, temperaturef, temperaturec, humidity) VALUES (910, 965, 46.04, 7.8, 51);
INSERT INTO public.templog (id, nodesensorlogid, temperaturef, temperaturec, humidity) VALUES (911, 966, 67.1, 19.5, 29);
INSERT INTO public.templog (id, nodesensorlogid, temperaturef, temperaturec, humidity) VALUES (912, 967, 71.24, 21.8, 31);
INSERT INTO public.templog (id, nodesensorlogid, temperaturef, temperaturec, humidity) VALUES (913, 968, 69.26, 20.7, 29);
INSERT INTO public.templog (id, nodesensorlogid, temperaturef, temperaturec, humidity) VALUES (914, 969, 69.8, 21, 20);
INSERT INTO public.templog (id, nodesensorlogid, temperaturef, temperaturec, humidity) VALUES (915, 970, 67.82, 19.9, 31);
INSERT INTO public.templog (id, nodesensorlogid, temperaturef, temperaturec, humidity) VALUES (916, 971, 46.04, 7.8, 52);
INSERT INTO public.templog (id, nodesensorlogid, temperaturef, temperaturec, humidity) VALUES (917, 972, 66.92, 19.4, 29);
INSERT INTO public.templog (id, nodesensorlogid, temperaturef, temperaturec, humidity) VALUES (918, 973, 71.24, 21.8, 31);
INSERT INTO public.templog (id, nodesensorlogid, temperaturef, temperaturec, humidity) VALUES (919, 974, 68.9, 20.5, 29);
INSERT INTO public.templog (id, nodesensorlogid, temperaturef, temperaturec, humidity) VALUES (920, 975, 69.8, 21, 20);
INSERT INTO public.templog (id, nodesensorlogid, temperaturef, temperaturec, humidity) VALUES (921, 976, 67.82, 19.9, 31);
INSERT INTO public.templog (id, nodesensorlogid, temperaturef, temperaturec, humidity) VALUES (922, 977, 46.22, 7.9, 51);
INSERT INTO public.templog (id, nodesensorlogid, temperaturef, temperaturec, humidity) VALUES (923, 978, 66.74, 19.3, 29);
INSERT INTO public.templog (id, nodesensorlogid, temperaturef, temperaturec, humidity) VALUES (924, 979, 71.24, 21.8, 31);
INSERT INTO public.templog (id, nodesensorlogid, temperaturef, temperaturec, humidity) VALUES (925, 980, 68.72, 20.4, 30);
INSERT INTO public.templog (id, nodesensorlogid, temperaturef, temperaturec, humidity) VALUES (926, 981, 69.8, 21, 20);
INSERT INTO public.templog (id, nodesensorlogid, temperaturef, temperaturec, humidity) VALUES (927, 982, 67.82, 19.9, 31);
INSERT INTO public.templog (id, nodesensorlogid, temperaturef, temperaturec, humidity) VALUES (928, 983, 46.04, 7.8, 51);
INSERT INTO public.templog (id, nodesensorlogid, temperaturef, temperaturec, humidity) VALUES (929, 984, 66.56, 19.2, 29);
INSERT INTO public.templog (id, nodesensorlogid, temperaturef, temperaturec, humidity) VALUES (930, 985, 71.24, 21.8, 31);
INSERT INTO public.templog (id, nodesensorlogid, temperaturef, temperaturec, humidity) VALUES (931, 986, 69.26, 20.7, 29);
INSERT INTO public.templog (id, nodesensorlogid, temperaturef, temperaturec, humidity) VALUES (932, 987, 71.6, 22, 20);
INSERT INTO public.templog (id, nodesensorlogid, temperaturef, temperaturec, humidity) VALUES (933, 988, 68, 20, 31);
INSERT INTO public.templog (id, nodesensorlogid, temperaturef, temperaturec, humidity) VALUES (934, 989, 46.04, 7.8, 51);
INSERT INTO public.templog (id, nodesensorlogid, temperaturef, temperaturec, humidity) VALUES (935, 990, 66.92, 19.4, 29);
INSERT INTO public.templog (id, nodesensorlogid, temperaturef, temperaturec, humidity) VALUES (936, 991, 71.42, 21.9, 31);
INSERT INTO public.templog (id, nodesensorlogid, temperaturef, temperaturec, humidity) VALUES (937, 992, 69.26, 20.7, 29);
INSERT INTO public.templog (id, nodesensorlogid, temperaturef, temperaturec, humidity) VALUES (938, 993, 71.6, 22, 20);
INSERT INTO public.templog (id, nodesensorlogid, temperaturef, temperaturec, humidity) VALUES (939, 994, 68, 20, 31);
INSERT INTO public.templog (id, nodesensorlogid, temperaturef, temperaturec, humidity) VALUES (940, 995, 46.04, 7.8, 51);
INSERT INTO public.templog (id, nodesensorlogid, temperaturef, temperaturec, humidity) VALUES (941, 996, 66.92, 19.4, 29);
INSERT INTO public.templog (id, nodesensorlogid, temperaturef, temperaturec, humidity) VALUES (942, 997, 71.42, 21.9, 31);
INSERT INTO public.templog (id, nodesensorlogid, temperaturef, temperaturec, humidity) VALUES (943, 998, 68.9, 20.5, 29);
INSERT INTO public.templog (id, nodesensorlogid, temperaturef, temperaturec, humidity) VALUES (944, 999, 69.8, 21, 20);
INSERT INTO public.templog (id, nodesensorlogid, temperaturef, temperaturec, humidity) VALUES (945, 1000, 67.82, 19.9, 31);
INSERT INTO public.templog (id, nodesensorlogid, temperaturef, temperaturec, humidity) VALUES (946, 1001, 46.04, 7.8, 51);
INSERT INTO public.templog (id, nodesensorlogid, temperaturef, temperaturec, humidity) VALUES (947, 1002, 66.74, 19.3, 29);
INSERT INTO public.templog (id, nodesensorlogid, temperaturef, temperaturec, humidity) VALUES (948, 1003, 71.42, 21.9, 30);
INSERT INTO public.templog (id, nodesensorlogid, temperaturef, temperaturec, humidity) VALUES (949, 1004, 68.72, 20.4, 30);
INSERT INTO public.templog (id, nodesensorlogid, temperaturef, temperaturec, humidity) VALUES (950, 1005, 69.8, 21, 20);
INSERT INTO public.templog (id, nodesensorlogid, temperaturef, temperaturec, humidity) VALUES (951, 1006, 67.82, 19.9, 31);
INSERT INTO public.templog (id, nodesensorlogid, temperaturef, temperaturec, humidity) VALUES (952, 1007, 46.22, 7.9, 51);
INSERT INTO public.templog (id, nodesensorlogid, temperaturef, temperaturec, humidity) VALUES (953, 1008, 66.38, 19.1, 29);
INSERT INTO public.templog (id, nodesensorlogid, temperaturef, temperaturec, humidity) VALUES (954, 1009, 71.42, 21.9, 30);
INSERT INTO public.templog (id, nodesensorlogid, temperaturef, temperaturec, humidity) VALUES (955, 1010, 68.9, 20.5, 29);
INSERT INTO public.templog (id, nodesensorlogid, temperaturef, temperaturec, humidity) VALUES (956, 1011, 69.8, 21, 20);
INSERT INTO public.templog (id, nodesensorlogid, temperaturef, temperaturec, humidity) VALUES (957, 1012, 68, 20, 31);
INSERT INTO public.templog (id, nodesensorlogid, temperaturef, temperaturec, humidity) VALUES (958, 1013, 46.04, 7.8, 51);
INSERT INTO public.templog (id, nodesensorlogid, temperaturef, temperaturec, humidity) VALUES (959, 1014, 66.74, 19.3, 29);
INSERT INTO public.templog (id, nodesensorlogid, temperaturef, temperaturec, humidity) VALUES (960, 1015, 71.42, 21.9, 31);
INSERT INTO public.templog (id, nodesensorlogid, temperaturef, temperaturec, humidity) VALUES (961, 1016, 69.26, 20.7, 29);
INSERT INTO public.templog (id, nodesensorlogid, temperaturef, temperaturec, humidity) VALUES (962, 1017, 71.6, 22, 20);
INSERT INTO public.templog (id, nodesensorlogid, temperaturef, temperaturec, humidity) VALUES (963, 1018, 68, 20, 31);
INSERT INTO public.templog (id, nodesensorlogid, temperaturef, temperaturec, humidity) VALUES (964, 1019, 45.86, 7.7, 51);
INSERT INTO public.templog (id, nodesensorlogid, temperaturef, temperaturec, humidity) VALUES (965, 1020, 66.92, 19.4, 29);
INSERT INTO public.templog (id, nodesensorlogid, temperaturef, temperaturec, humidity) VALUES (966, 1021, 71.6, 22, 30);
INSERT INTO public.templog (id, nodesensorlogid, temperaturef, temperaturec, humidity) VALUES (967, 1022, 68.9, 20.5, 29);
INSERT INTO public.templog (id, nodesensorlogid, temperaturef, temperaturec, humidity) VALUES (968, 1023, 69.8, 21, 20);
INSERT INTO public.templog (id, nodesensorlogid, temperaturef, temperaturec, humidity) VALUES (969, 1024, 67.82, 19.9, 31);
INSERT INTO public.templog (id, nodesensorlogid, temperaturef, temperaturec, humidity) VALUES (970, 1025, 45.86, 7.7, 51);
INSERT INTO public.templog (id, nodesensorlogid, temperaturef, temperaturec, humidity) VALUES (971, 1026, 66.74, 19.3, 29);
INSERT INTO public.templog (id, nodesensorlogid, temperaturef, temperaturec, humidity) VALUES (972, 1027, 71.6, 22, 30);
INSERT INTO public.templog (id, nodesensorlogid, temperaturef, temperaturec, humidity) VALUES (973, 1028, 68.72, 20.4, 30);
INSERT INTO public.templog (id, nodesensorlogid, temperaturef, temperaturec, humidity) VALUES (974, 1029, 69.8, 21, 20);
INSERT INTO public.templog (id, nodesensorlogid, temperaturef, temperaturec, humidity) VALUES (975, 1030, 67.82, 19.9, 31);
INSERT INTO public.templog (id, nodesensorlogid, temperaturef, temperaturec, humidity) VALUES (976, 1031, 45.68, 7.6, 51);
INSERT INTO public.templog (id, nodesensorlogid, temperaturef, temperaturec, humidity) VALUES (977, 1032, 66.38, 19.1, 29);
INSERT INTO public.templog (id, nodesensorlogid, temperaturef, temperaturec, humidity) VALUES (978, 1033, 71.6, 22, 30);
INSERT INTO public.templog (id, nodesensorlogid, temperaturef, temperaturec, humidity) VALUES (979, 1034, 68.72, 20.4, 30);
INSERT INTO public.templog (id, nodesensorlogid, temperaturef, temperaturec, humidity) VALUES (980, 1035, 69.8, 21, 20);
INSERT INTO public.templog (id, nodesensorlogid, temperaturef, temperaturec, humidity) VALUES (981, 1036, 67.82, 19.9, 31);
INSERT INTO public.templog (id, nodesensorlogid, temperaturef, temperaturec, humidity) VALUES (982, 1037, 45.68, 7.6, 51);
INSERT INTO public.templog (id, nodesensorlogid, temperaturef, temperaturec, humidity) VALUES (983, 1038, 66.56, 19.2, 29);
INSERT INTO public.templog (id, nodesensorlogid, temperaturef, temperaturec, humidity) VALUES (984, 1039, 71.42, 21.9, 30);
INSERT INTO public.templog (id, nodesensorlogid, temperaturef, temperaturec, humidity) VALUES (985, 1040, 69.44, 20.8, 29);
INSERT INTO public.templog (id, nodesensorlogid, temperaturef, temperaturec, humidity) VALUES (986, 1041, 71.6, 22, 20);
INSERT INTO public.templog (id, nodesensorlogid, temperaturef, temperaturec, humidity) VALUES (987, 1042, 68, 20, 31);
INSERT INTO public.templog (id, nodesensorlogid, temperaturef, temperaturec, humidity) VALUES (988, 1043, 45.5, 7.5, 51);
INSERT INTO public.templog (id, nodesensorlogid, temperaturef, temperaturec, humidity) VALUES (989, 1044, 66.92, 19.4, 29);
INSERT INTO public.templog (id, nodesensorlogid, temperaturef, temperaturec, humidity) VALUES (990, 1045, 71.78, 22.1, 30);
INSERT INTO public.templog (id, nodesensorlogid, temperaturef, temperaturec, humidity) VALUES (991, 1046, 70.16, 21.2, 28);
INSERT INTO public.templog (id, nodesensorlogid, temperaturef, temperaturec, humidity) VALUES (992, 1047, 71.6, 22, 20);
INSERT INTO public.templog (id, nodesensorlogid, temperaturef, temperaturec, humidity) VALUES (993, 1048, 68.36, 20.2, 31);
INSERT INTO public.templog (id, nodesensorlogid, temperaturef, temperaturec, humidity) VALUES (994, 1049, 45.5, 7.5, 51);
INSERT INTO public.templog (id, nodesensorlogid, temperaturef, temperaturec, humidity) VALUES (995, 1050, 67.64, 19.8, 28);
INSERT INTO public.templog (id, nodesensorlogid, temperaturef, temperaturec, humidity) VALUES (996, 1051, 72.14, 22.3, 30);
INSERT INTO public.templog (id, nodesensorlogid, temperaturef, temperaturec, humidity) VALUES (997, 1052, 70.52, 21.4, 28);
INSERT INTO public.templog (id, nodesensorlogid, temperaturef, temperaturec, humidity) VALUES (998, 1053, 71.6, 22, 20);
INSERT INTO public.templog (id, nodesensorlogid, temperaturef, temperaturec, humidity) VALUES (999, 1054, 68.54, 20.3, 31);
INSERT INTO public.templog (id, nodesensorlogid, temperaturef, temperaturec, humidity) VALUES (1000, 1055, 45.5, 7.5, 52);
INSERT INTO public.templog (id, nodesensorlogid, temperaturef, temperaturec, humidity) VALUES (1001, 1056, 67.82, 19.9, 28);
INSERT INTO public.templog (id, nodesensorlogid, temperaturef, temperaturec, humidity) VALUES (1002, 1057, 72.5, 22.5, 30);
INSERT INTO public.templog (id, nodesensorlogid, temperaturef, temperaturec, humidity) VALUES (1003, 1058, 70.88, 21.6, 27);
INSERT INTO public.templog (id, nodesensorlogid, temperaturef, temperaturec, humidity) VALUES (1004, 1059, 71.6, 22, 20);
INSERT INTO public.templog (id, nodesensorlogid, temperaturef, temperaturec, humidity) VALUES (1005, 1060, 68.9, 20.5, 30);
INSERT INTO public.templog (id, nodesensorlogid, temperaturef, temperaturec, humidity) VALUES (1006, 1061, 45.32, 7.4, 52);
INSERT INTO public.templog (id, nodesensorlogid, temperaturef, temperaturec, humidity) VALUES (1007, 1062, 68.18, 20.1, 28);
INSERT INTO public.templog (id, nodesensorlogid, temperaturef, temperaturec, humidity) VALUES (1008, 1063, 72.68, 22.6, 28);
INSERT INTO public.templog (id, nodesensorlogid, temperaturef, temperaturec, humidity) VALUES (1009, 1064, 71.24, 21.8, 27);
INSERT INTO public.templog (id, nodesensorlogid, temperaturef, temperaturec, humidity) VALUES (1010, 1065, 71.6, 22, 20);
INSERT INTO public.templog (id, nodesensorlogid, temperaturef, temperaturec, humidity) VALUES (1011, 1066, 69.44, 20.8, 30);
INSERT INTO public.templog (id, nodesensorlogid, temperaturef, temperaturec, humidity) VALUES (1012, 1067, 45.32, 7.4, 52);
INSERT INTO public.templog (id, nodesensorlogid, temperaturef, temperaturec, humidity) VALUES (1013, 1068, 68.36, 20.2, 28);
INSERT INTO public.templog (id, nodesensorlogid, temperaturef, temperaturec, humidity) VALUES (1014, 1069, 72.86, 22.7, 28);
INSERT INTO public.templog (id, nodesensorlogid, temperaturef, temperaturec, humidity) VALUES (1015, 1070, 70.52, 21.4, 27);
INSERT INTO public.templog (id, nodesensorlogid, temperaturef, temperaturec, humidity) VALUES (1016, 1071, 71.6, 22, 20);
INSERT INTO public.templog (id, nodesensorlogid, temperaturef, temperaturec, humidity) VALUES (1017, 1072, 69.26, 20.7, 30);
INSERT INTO public.templog (id, nodesensorlogid, temperaturef, temperaturec, humidity) VALUES (1018, 1073, 45.32, 7.4, 52);
INSERT INTO public.templog (id, nodesensorlogid, temperaturef, temperaturec, humidity) VALUES (1019, 1074, 67.82, 19.9, 28);
INSERT INTO public.templog (id, nodesensorlogid, temperaturef, temperaturec, humidity) VALUES (1020, 1075, 72.68, 22.6, 28);
INSERT INTO public.templog (id, nodesensorlogid, temperaturef, temperaturec, humidity) VALUES (1021, 1076, 70.52, 21.4, 28);
INSERT INTO public.templog (id, nodesensorlogid, temperaturef, temperaturec, humidity) VALUES (1022, 1077, 71.6, 22, 20);
INSERT INTO public.templog (id, nodesensorlogid, temperaturef, temperaturec, humidity) VALUES (1023, 1078, 69.62, 20.9, 30);
INSERT INTO public.templog (id, nodesensorlogid, temperaturef, temperaturec, humidity) VALUES (1024, 1079, 45.14, 7.3, 52);
INSERT INTO public.templog (id, nodesensorlogid, temperaturef, temperaturec, humidity) VALUES (1025, 1080, 68, 20, 28);
INSERT INTO public.templog (id, nodesensorlogid, temperaturef, temperaturec, humidity) VALUES (1026, 1081, 72.68, 22.6, 28);
INSERT INTO public.templog (id, nodesensorlogid, temperaturef, temperaturec, humidity) VALUES (1027, 1082, 70.88, 21.6, 27);
INSERT INTO public.templog (id, nodesensorlogid, temperaturef, temperaturec, humidity) VALUES (1028, 1083, 71.6, 22, 20);
INSERT INTO public.templog (id, nodesensorlogid, temperaturef, temperaturec, humidity) VALUES (1029, 1084, 69.8, 21, 30);
INSERT INTO public.templog (id, nodesensorlogid, temperaturef, temperaturec, humidity) VALUES (1030, 1085, 45.14, 7.3, 52);
INSERT INTO public.templog (id, nodesensorlogid, temperaturef, temperaturec, humidity) VALUES (1031, 1086, 68.36, 20.2, 28);
INSERT INTO public.templog (id, nodesensorlogid, temperaturef, temperaturec, humidity) VALUES (1032, 1087, 73.04, 22.8, 28);
INSERT INTO public.templog (id, nodesensorlogid, temperaturef, temperaturec, humidity) VALUES (1033, 1088, 71.06, 21.7, 27);
INSERT INTO public.templog (id, nodesensorlogid, temperaturef, temperaturec, humidity) VALUES (1034, 1089, 71.6, 22, 20);
INSERT INTO public.templog (id, nodesensorlogid, temperaturef, temperaturec, humidity) VALUES (1035, 1090, 69.98, 21.1, 30);
INSERT INTO public.templog (id, nodesensorlogid, temperaturef, temperaturec, humidity) VALUES (1036, 1091, 45.14, 7.3, 52);
INSERT INTO public.templog (id, nodesensorlogid, temperaturef, temperaturec, humidity) VALUES (1037, 1092, 68.18, 20.1, 28);
INSERT INTO public.templog (id, nodesensorlogid, temperaturef, temperaturec, humidity) VALUES (1038, 1093, 73.04, 22.8, 28);
INSERT INTO public.templog (id, nodesensorlogid, temperaturef, temperaturec, humidity) VALUES (1039, 1094, 70.34, 21.3, 28);
INSERT INTO public.templog (id, nodesensorlogid, temperaturef, temperaturec, humidity) VALUES (1040, 1095, 71.6, 22, 20);
INSERT INTO public.templog (id, nodesensorlogid, temperaturef, temperaturec, humidity) VALUES (1041, 1096, 69.8, 21, 30);
INSERT INTO public.templog (id, nodesensorlogid, temperaturef, temperaturec, humidity) VALUES (1042, 1097, 45.14, 7.3, 52);
INSERT INTO public.templog (id, nodesensorlogid, temperaturef, temperaturec, humidity) VALUES (1043, 1098, 67.82, 19.9, 28);
INSERT INTO public.templog (id, nodesensorlogid, temperaturef, temperaturec, humidity) VALUES (1044, 1099, 72.86, 22.7, 28);
INSERT INTO public.templog (id, nodesensorlogid, temperaturef, temperaturec, humidity) VALUES (1045, 1100, 70.7, 21.5, 28);
INSERT INTO public.templog (id, nodesensorlogid, temperaturef, temperaturec, humidity) VALUES (1046, 1101, 71.6, 22, 20);
INSERT INTO public.templog (id, nodesensorlogid, temperaturef, temperaturec, humidity) VALUES (1047, 1102, 70.16, 21.2, 30);
INSERT INTO public.templog (id, nodesensorlogid, temperaturef, temperaturec, humidity) VALUES (1048, 1103, 45.32, 7.4, 51);
INSERT INTO public.templog (id, nodesensorlogid, temperaturef, temperaturec, humidity) VALUES (1049, 1104, 68.36, 20.2, 28);
INSERT INTO public.templog (id, nodesensorlogid, temperaturef, temperaturec, humidity) VALUES (1050, 1105, 73.04, 22.8, 28);
INSERT INTO public.templog (id, nodesensorlogid, temperaturef, temperaturec, humidity) VALUES (1051, 1106, 71.42, 21.9, 27);
INSERT INTO public.templog (id, nodesensorlogid, temperaturef, temperaturec, humidity) VALUES (1052, 1107, 73.4, 23, 19);
INSERT INTO public.templog (id, nodesensorlogid, temperaturef, temperaturec, humidity) VALUES (1053, 1108, 70.34, 21.3, 30);
INSERT INTO public.templog (id, nodesensorlogid, temperaturef, temperaturec, humidity) VALUES (1054, 1109, 45.32, 7.4, 51);
INSERT INTO public.templog (id, nodesensorlogid, temperaturef, temperaturec, humidity) VALUES (1055, 1110, 68.54, 20.3, 27);
INSERT INTO public.templog (id, nodesensorlogid, temperaturef, temperaturec, humidity) VALUES (1056, 1111, 73.22, 22.9, 28);
INSERT INTO public.templog (id, nodesensorlogid, temperaturef, temperaturec, humidity) VALUES (1057, 1112, 70.7, 21.5, 28);
INSERT INTO public.templog (id, nodesensorlogid, temperaturef, temperaturec, humidity) VALUES (1058, 1113, 73.4, 23, 19);
INSERT INTO public.templog (id, nodesensorlogid, temperaturef, temperaturec, humidity) VALUES (1059, 1114, 70.34, 21.3, 30);
INSERT INTO public.templog (id, nodesensorlogid, temperaturef, temperaturec, humidity) VALUES (1060, 1115, 45.32, 7.4, 51);
INSERT INTO public.templog (id, nodesensorlogid, temperaturef, temperaturec, humidity) VALUES (1061, 1116, 68, 20, 28);
INSERT INTO public.templog (id, nodesensorlogid, temperaturef, temperaturec, humidity) VALUES (1062, 1117, 73.04, 22.8, 27);
INSERT INTO public.templog (id, nodesensorlogid, temperaturef, temperaturec, humidity) VALUES (1063, 1118, 70.34, 21.3, 28);
INSERT INTO public.templog (id, nodesensorlogid, temperaturef, temperaturec, humidity) VALUES (1064, 1119, 71.6, 22, 20);
INSERT INTO public.templog (id, nodesensorlogid, temperaturef, temperaturec, humidity) VALUES (1065, 1120, 70.34, 21.3, 30);
INSERT INTO public.templog (id, nodesensorlogid, temperaturef, temperaturec, humidity) VALUES (1066, 1121, 45.14, 7.3, 51);
INSERT INTO public.templog (id, nodesensorlogid, temperaturef, temperaturec, humidity) VALUES (1067, 1122, 68.18, 20.1, 28);
INSERT INTO public.templog (id, nodesensorlogid, temperaturef, temperaturec, humidity) VALUES (1068, 1123, 73.22, 22.9, 28);
INSERT INTO public.templog (id, nodesensorlogid, temperaturef, temperaturec, humidity) VALUES (1069, 1124, 71.06, 21.7, 27);
INSERT INTO public.templog (id, nodesensorlogid, temperaturef, temperaturec, humidity) VALUES (1070, 1125, 73.4, 23, 19);
INSERT INTO public.templog (id, nodesensorlogid, temperaturef, temperaturec, humidity) VALUES (1071, 1126, 70.7, 21.5, 30);
INSERT INTO public.templog (id, nodesensorlogid, temperaturef, temperaturec, humidity) VALUES (1072, 1127, 44.96, 7.2, 51);
INSERT INTO public.templog (id, nodesensorlogid, temperaturef, temperaturec, humidity) VALUES (1073, 1128, 68.54, 20.3, 27);
INSERT INTO public.templog (id, nodesensorlogid, temperaturef, temperaturec, humidity) VALUES (1074, 1129, 73.4, 23, 27);
INSERT INTO public.templog (id, nodesensorlogid, temperaturef, temperaturec, humidity) VALUES (1075, 1130, 70.88, 21.6, 27);
INSERT INTO public.templog (id, nodesensorlogid, temperaturef, temperaturec, humidity) VALUES (1076, 1131, 73.4, 23, 19);
INSERT INTO public.templog (id, nodesensorlogid, temperaturef, temperaturec, humidity) VALUES (1077, 1132, 70.52, 21.4, 30);
INSERT INTO public.templog (id, nodesensorlogid, temperaturef, temperaturec, humidity) VALUES (1078, 1133, 45.14, 7.3, 51);
INSERT INTO public.templog (id, nodesensorlogid, temperaturef, temperaturec, humidity) VALUES (1079, 1134, 68.36, 20.2, 27);
INSERT INTO public.templog (id, nodesensorlogid, temperaturef, temperaturec, humidity) VALUES (1080, 1135, 73.4, 23, 27);
INSERT INTO public.templog (id, nodesensorlogid, temperaturef, temperaturec, humidity) VALUES (1081, 1136, 70.52, 21.4, 28);
INSERT INTO public.templog (id, nodesensorlogid, temperaturef, temperaturec, humidity) VALUES (1082, 1137, 73.4, 23, 19);
INSERT INTO public.templog (id, nodesensorlogid, temperaturef, temperaturec, humidity) VALUES (1083, 1138, 70.52, 21.4, 30);
INSERT INTO public.templog (id, nodesensorlogid, temperaturef, temperaturec, humidity) VALUES (1084, 1139, 44.96, 7.2, 51);
INSERT INTO public.templog (id, nodesensorlogid, temperaturef, temperaturec, humidity) VALUES (1085, 1140, 68, 20, 28);
INSERT INTO public.templog (id, nodesensorlogid, temperaturef, temperaturec, humidity) VALUES (1086, 1141, 73.4, 23, 27);
INSERT INTO public.templog (id, nodesensorlogid, temperaturef, temperaturec, humidity) VALUES (1087, 1142, 70.7, 21.5, 27);
INSERT INTO public.templog (id, nodesensorlogid, temperaturef, temperaturec, humidity) VALUES (1088, 1143, 73.4, 23, 19);
INSERT INTO public.templog (id, nodesensorlogid, temperaturef, temperaturec, humidity) VALUES (1089, 1144, 70.7, 21.5, 30);
INSERT INTO public.templog (id, nodesensorlogid, temperaturef, temperaturec, humidity) VALUES (1090, 1145, 44.78, 7.1, 51);
INSERT INTO public.templog (id, nodesensorlogid, temperaturef, temperaturec, humidity) VALUES (1091, 1146, 68.36, 20.2, 27);
INSERT INTO public.templog (id, nodesensorlogid, temperaturef, temperaturec, humidity) VALUES (1092, 1147, 73.22, 22.9, 27);
INSERT INTO public.templog (id, nodesensorlogid, temperaturef, temperaturec, humidity) VALUES (1093, 1148, 71.42, 21.9, 27);
INSERT INTO public.templog (id, nodesensorlogid, temperaturef, temperaturec, humidity) VALUES (1094, 1149, 73.4, 23, 19);
INSERT INTO public.templog (id, nodesensorlogid, temperaturef, temperaturec, humidity) VALUES (1095, 1150, 71.06, 21.7, 29);
INSERT INTO public.templog (id, nodesensorlogid, temperaturef, temperaturec, humidity) VALUES (1096, 1151, 44.78, 7.1, 52);
INSERT INTO public.templog (id, nodesensorlogid, temperaturef, temperaturec, humidity) VALUES (1097, 1152, 68.54, 20.3, 27);
INSERT INTO public.templog (id, nodesensorlogid, temperaturef, temperaturec, humidity) VALUES (1098, 1153, 72.86, 22.7, 27);
INSERT INTO public.templog (id, nodesensorlogid, temperaturef, temperaturec, humidity) VALUES (1099, 1154, 70.7, 21.5, 27);
INSERT INTO public.templog (id, nodesensorlogid, temperaturef, temperaturec, humidity) VALUES (1100, 1155, 73.4, 23, 19);
INSERT INTO public.templog (id, nodesensorlogid, temperaturef, temperaturec, humidity) VALUES (1101, 1156, 70.7, 21.5, 29);
INSERT INTO public.templog (id, nodesensorlogid, temperaturef, temperaturec, humidity) VALUES (1102, 1157, 44.6, 7, 51);
INSERT INTO public.templog (id, nodesensorlogid, temperaturef, temperaturec, humidity) VALUES (1103, 1158, 68.18, 20.1, 27);
INSERT INTO public.templog (id, nodesensorlogid, temperaturef, temperaturec, humidity) VALUES (1104, 1159, 72.32, 22.4, 28);
INSERT INTO public.templog (id, nodesensorlogid, temperaturef, temperaturec, humidity) VALUES (1105, 1160, 70.52, 21.4, 29);
INSERT INTO public.templog (id, nodesensorlogid, temperaturef, temperaturec, humidity) VALUES (1106, 1161, 73.4, 23, 19);
INSERT INTO public.templog (id, nodesensorlogid, temperaturef, temperaturec, humidity) VALUES (1107, 1162, 70.7, 21.5, 29);
INSERT INTO public.templog (id, nodesensorlogid, temperaturef, temperaturec, humidity) VALUES (1108, 1163, 44.6, 7, 51);
INSERT INTO public.templog (id, nodesensorlogid, temperaturef, temperaturec, humidity) VALUES (1109, 1164, 68.18, 20.1, 28);
INSERT INTO public.templog (id, nodesensorlogid, temperaturef, temperaturec, humidity) VALUES (1110, 1165, 71.96, 22.2, 28);
INSERT INTO public.templog (id, nodesensorlogid, temperaturef, temperaturec, humidity) VALUES (1111, 1166, 71.24, 21.8, 27);
INSERT INTO public.templog (id, nodesensorlogid, temperaturef, temperaturec, humidity) VALUES (1112, 1167, 73.4, 23, 19);
INSERT INTO public.templog (id, nodesensorlogid, temperaturef, temperaturec, humidity) VALUES (1113, 1168, 71.06, 21.7, 29);
INSERT INTO public.templog (id, nodesensorlogid, temperaturef, temperaturec, humidity) VALUES (1114, 1169, 44.420002, 6.9, 51);
INSERT INTO public.templog (id, nodesensorlogid, temperaturef, temperaturec, humidity) VALUES (1115, 1170, 68.72, 20.4, 28);
INSERT INTO public.templog (id, nodesensorlogid, temperaturef, temperaturec, humidity) VALUES (1116, 1171, 71.96, 22.2, 28);
INSERT INTO public.templog (id, nodesensorlogid, temperaturef, temperaturec, humidity) VALUES (1117, 1172, 71.06, 21.7, 27);
INSERT INTO public.templog (id, nodesensorlogid, temperaturef, temperaturec, humidity) VALUES (1118, 1173, 75.2, 24, 19);
INSERT INTO public.templog (id, nodesensorlogid, temperaturef, temperaturec, humidity) VALUES (1119, 1174, 71.06, 21.7, 29);
INSERT INTO public.templog (id, nodesensorlogid, temperaturef, temperaturec, humidity) VALUES (1120, 1175, 44.420002, 6.9, 51);
INSERT INTO public.templog (id, nodesensorlogid, temperaturef, temperaturec, humidity) VALUES (1121, 1176, 68.36, 20.2, 28);
INSERT INTO public.templog (id, nodesensorlogid, temperaturef, temperaturec, humidity) VALUES (1122, 1177, 71.78, 22.1, 28);
INSERT INTO public.templog (id, nodesensorlogid, temperaturef, temperaturec, humidity) VALUES (1123, 1178, 70.7, 21.5, 28);
INSERT INTO public.templog (id, nodesensorlogid, temperaturef, temperaturec, humidity) VALUES (1124, 1179, 75.2, 24, 19);
INSERT INTO public.templog (id, nodesensorlogid, temperaturef, temperaturec, humidity) VALUES (1125, 1180, 70.88, 21.6, 30);
INSERT INTO public.templog (id, nodesensorlogid, temperaturef, temperaturec, humidity) VALUES (1126, 1181, 44.420002, 6.9, 51);
INSERT INTO public.templog (id, nodesensorlogid, temperaturef, temperaturec, humidity) VALUES (1127, 1182, 68.54, 20.3, 28);
INSERT INTO public.templog (id, nodesensorlogid, temperaturef, temperaturec, humidity) VALUES (1128, 1183, 71.78, 22.1, 28);
INSERT INTO public.templog (id, nodesensorlogid, temperaturef, temperaturec, humidity) VALUES (1129, 1184, 70.52, 21.4, 29);
INSERT INTO public.templog (id, nodesensorlogid, temperaturef, temperaturec, humidity) VALUES (1130, 1185, 75.2, 24, 19);
INSERT INTO public.templog (id, nodesensorlogid, temperaturef, temperaturec, humidity) VALUES (1131, 1186, 70.88, 21.6, 30);
INSERT INTO public.templog (id, nodesensorlogid, temperaturef, temperaturec, humidity) VALUES (1132, 1187, 44.24, 6.8, 51);
INSERT INTO public.templog (id, nodesensorlogid, temperaturef, temperaturec, humidity) VALUES (1133, 1188, 69.08, 20.6, 28);
INSERT INTO public.templog (id, nodesensorlogid, temperaturef, temperaturec, humidity) VALUES (1134, 1189, 71.42, 21.9, 28);
INSERT INTO public.templog (id, nodesensorlogid, temperaturef, temperaturec, humidity) VALUES (1135, 1190, 71.42, 21.9, 28);
INSERT INTO public.templog (id, nodesensorlogid, temperaturef, temperaturec, humidity) VALUES (1136, 1191, 75.2, 24, 19);
INSERT INTO public.templog (id, nodesensorlogid, temperaturef, temperaturec, humidity) VALUES (1137, 1192, 71.24, 21.8, 30);
INSERT INTO public.templog (id, nodesensorlogid, temperaturef, temperaturec, humidity) VALUES (1138, 1193, 44.24, 6.8, 51);
INSERT INTO public.templog (id, nodesensorlogid, temperaturef, temperaturec, humidity) VALUES (1139, 1194, 69.62, 20.9, 28);
INSERT INTO public.templog (id, nodesensorlogid, temperaturef, temperaturec, humidity) VALUES (1140, 1195, 71.6, 22, 28);
INSERT INTO public.templog (id, nodesensorlogid, temperaturef, temperaturec, humidity) VALUES (1141, 1196, 70.88, 21.6, 28);
INSERT INTO public.templog (id, nodesensorlogid, temperaturef, temperaturec, humidity) VALUES (1142, 1197, 75.2, 24, 19);
INSERT INTO public.templog (id, nodesensorlogid, temperaturef, temperaturec, humidity) VALUES (1143, 1198, 71.06, 21.7, 30);
INSERT INTO public.templog (id, nodesensorlogid, temperaturef, temperaturec, humidity) VALUES (1144, 1199, 44.420002, 6.9, 51);
INSERT INTO public.templog (id, nodesensorlogid, temperaturef, temperaturec, humidity) VALUES (1145, 1200, 69.44, 20.8, 28);
INSERT INTO public.templog (id, nodesensorlogid, temperaturef, temperaturec, humidity) VALUES (1146, 1201, 71.42, 21.9, 28);
INSERT INTO public.templog (id, nodesensorlogid, temperaturef, temperaturec, humidity) VALUES (1147, 1202, 70.7, 21.5, 29);
INSERT INTO public.templog (id, nodesensorlogid, temperaturef, temperaturec, humidity) VALUES (1148, 1203, 75.2, 24, 19);
INSERT INTO public.templog (id, nodesensorlogid, temperaturef, temperaturec, humidity) VALUES (1149, 1204, 71.06, 21.7, 30);
INSERT INTO public.templog (id, nodesensorlogid, temperaturef, temperaturec, humidity) VALUES (1150, 1205, 44.24, 6.8, 51);
INSERT INTO public.templog (id, nodesensorlogid, temperaturef, temperaturec, humidity) VALUES (1151, 1206, 69.44, 20.8, 29);
INSERT INTO public.templog (id, nodesensorlogid, temperaturef, temperaturec, humidity) VALUES (1152, 1207, 71.42, 21.9, 29);
INSERT INTO public.templog (id, nodesensorlogid, temperaturef, temperaturec, humidity) VALUES (1153, 1208, 70.88, 21.6, 28);
INSERT INTO public.templog (id, nodesensorlogid, temperaturef, temperaturec, humidity) VALUES (1154, 1209, 75.2, 24, 19);
INSERT INTO public.templog (id, nodesensorlogid, temperaturef, temperaturec, humidity) VALUES (1155, 1210, 71.06, 21.7, 30);
INSERT INTO public.templog (id, nodesensorlogid, temperaturef, temperaturec, humidity) VALUES (1156, 1211, 44.24, 6.8, 51);
INSERT INTO public.templog (id, nodesensorlogid, temperaturef, temperaturec, humidity) VALUES (1157, 1212, 69.8, 21, 29);
INSERT INTO public.templog (id, nodesensorlogid, temperaturef, temperaturec, humidity) VALUES (1158, 1213, 71.24, 21.8, 29);
INSERT INTO public.templog (id, nodesensorlogid, temperaturef, temperaturec, humidity) VALUES (1159, 1214, 71.42, 21.9, 28);
INSERT INTO public.templog (id, nodesensorlogid, temperaturef, temperaturec, humidity) VALUES (1160, 1215, 75.2, 24, 19);
INSERT INTO public.templog (id, nodesensorlogid, temperaturef, temperaturec, humidity) VALUES (1161, 1216, 71.24, 21.8, 30);
INSERT INTO public.templog (id, nodesensorlogid, temperaturef, temperaturec, humidity) VALUES (1162, 1217, 44.24, 6.8, 51);
INSERT INTO public.templog (id, nodesensorlogid, temperaturef, temperaturec, humidity) VALUES (1163, 1218, 70.16, 21.2, 28);
INSERT INTO public.templog (id, nodesensorlogid, temperaturef, temperaturec, humidity) VALUES (1164, 1219, 71.42, 21.9, 29);
INSERT INTO public.templog (id, nodesensorlogid, temperaturef, temperaturec, humidity) VALUES (1165, 1220, 70.88, 21.6, 28);
INSERT INTO public.templog (id, nodesensorlogid, temperaturef, temperaturec, humidity) VALUES (1166, 1221, 75.2, 24, 19);
INSERT INTO public.templog (id, nodesensorlogid, temperaturef, temperaturec, humidity) VALUES (1167, 1222, 71.06, 21.7, 30);
INSERT INTO public.templog (id, nodesensorlogid, temperaturef, temperaturec, humidity) VALUES (1168, 1223, 44.24, 6.8, 51);
INSERT INTO public.templog (id, nodesensorlogid, temperaturef, temperaturec, humidity) VALUES (1169, 1224, 69.98, 21.1, 29);
INSERT INTO public.templog (id, nodesensorlogid, temperaturef, temperaturec, humidity) VALUES (1170, 1225, 71.24, 21.8, 29);
INSERT INTO public.templog (id, nodesensorlogid, temperaturef, temperaturec, humidity) VALUES (1171, 1226, 70.7, 21.5, 29);
INSERT INTO public.templog (id, nodesensorlogid, temperaturef, temperaturec, humidity) VALUES (1172, 1227, 75.2, 24, 19);
INSERT INTO public.templog (id, nodesensorlogid, temperaturef, temperaturec, humidity) VALUES (1173, 1228, 71.06, 21.7, 30);
INSERT INTO public.templog (id, nodesensorlogid, temperaturef, temperaturec, humidity) VALUES (1174, 1229, 44.24, 6.8, 51);
INSERT INTO public.templog (id, nodesensorlogid, temperaturef, temperaturec, humidity) VALUES (1175, 1230, 69.8, 21, 29);
INSERT INTO public.templog (id, nodesensorlogid, temperaturef, temperaturec, humidity) VALUES (1176, 1231, 71.24, 21.8, 29);
INSERT INTO public.templog (id, nodesensorlogid, temperaturef, temperaturec, humidity) VALUES (1177, 1232, 71.06, 21.7, 28);
INSERT INTO public.templog (id, nodesensorlogid, temperaturef, temperaturec, humidity) VALUES (1178, 1233, 75.2, 24, 19);
INSERT INTO public.templog (id, nodesensorlogid, temperaturef, temperaturec, humidity) VALUES (1179, 1234, 71.24, 21.8, 29);
INSERT INTO public.templog (id, nodesensorlogid, temperaturef, temperaturec, humidity) VALUES (1180, 1235, 44.24, 6.8, 51);
INSERT INTO public.templog (id, nodesensorlogid, temperaturef, temperaturec, humidity) VALUES (1181, 1236, 70.34, 21.3, 28);
INSERT INTO public.templog (id, nodesensorlogid, temperaturef, temperaturec, humidity) VALUES (1182, 1237, 71.24, 21.8, 29);
INSERT INTO public.templog (id, nodesensorlogid, temperaturef, temperaturec, humidity) VALUES (1183, 1238, 71.6, 22, 28);
INSERT INTO public.templog (id, nodesensorlogid, temperaturef, temperaturec, humidity) VALUES (1184, 1239, 75.2, 24, 19);
INSERT INTO public.templog (id, nodesensorlogid, temperaturef, temperaturec, humidity) VALUES (1185, 1240, 71.24, 21.8, 29);
INSERT INTO public.templog (id, nodesensorlogid, temperaturef, temperaturec, humidity) VALUES (1186, 1241, 44.24, 6.8, 51);
INSERT INTO public.templog (id, nodesensorlogid, temperaturef, temperaturec, humidity) VALUES (1187, 1242, 70.52, 21.4, 28);
INSERT INTO public.templog (id, nodesensorlogid, temperaturef, temperaturec, humidity) VALUES (1188, 1243, 71.24, 21.8, 29);
INSERT INTO public.templog (id, nodesensorlogid, temperaturef, temperaturec, humidity) VALUES (1189, 1244, 71.06, 21.7, 28);
INSERT INTO public.templog (id, nodesensorlogid, temperaturef, temperaturec, humidity) VALUES (1190, 1245, 75.2, 24, 19);
INSERT INTO public.templog (id, nodesensorlogid, temperaturef, temperaturec, humidity) VALUES (1191, 1246, 71.06, 21.7, 30);
INSERT INTO public.templog (id, nodesensorlogid, temperaturef, temperaturec, humidity) VALUES (1192, 1247, 44.24, 6.8, 51);
INSERT INTO public.templog (id, nodesensorlogid, temperaturef, temperaturec, humidity) VALUES (1193, 1248, 70.52, 21.4, 29);
INSERT INTO public.templog (id, nodesensorlogid, temperaturef, temperaturec, humidity) VALUES (1194, 1249, 71.06, 21.7, 29);
INSERT INTO public.templog (id, nodesensorlogid, temperaturef, temperaturec, humidity) VALUES (1195, 1250, 70.7, 21.5, 28);
INSERT INTO public.templog (id, nodesensorlogid, temperaturef, temperaturec, humidity) VALUES (1196, 1251, 75.2, 24, 19);
INSERT INTO public.templog (id, nodesensorlogid, temperaturef, temperaturec, humidity) VALUES (1197, 1252, 71.06, 21.7, 29);
INSERT INTO public.templog (id, nodesensorlogid, temperaturef, temperaturec, humidity) VALUES (1198, 1253, 44.24, 6.8, 51);
INSERT INTO public.templog (id, nodesensorlogid, temperaturef, temperaturec, humidity) VALUES (1199, 1254, 70.7, 21.5, 29);
INSERT INTO public.templog (id, nodesensorlogid, temperaturef, temperaturec, humidity) VALUES (1200, 1255, 71.06, 21.7, 28);
INSERT INTO public.templog (id, nodesensorlogid, temperaturef, temperaturec, humidity) VALUES (1201, 1256, 71.42, 21.9, 28);
INSERT INTO public.templog (id, nodesensorlogid, temperaturef, temperaturec, humidity) VALUES (1202, 1257, 75.2, 24, 19);
INSERT INTO public.templog (id, nodesensorlogid, temperaturef, temperaturec, humidity) VALUES (1203, 1258, 71.24, 21.8, 29);
INSERT INTO public.templog (id, nodesensorlogid, temperaturef, temperaturec, humidity) VALUES (1204, 1259, 44.24, 6.8, 51);
INSERT INTO public.templog (id, nodesensorlogid, temperaturef, temperaturec, humidity) VALUES (1205, 1260, 71.06, 21.7, 28);
INSERT INTO public.templog (id, nodesensorlogid, temperaturef, temperaturec, humidity) VALUES (1206, 1261, 71.06, 21.7, 28);
INSERT INTO public.templog (id, nodesensorlogid, temperaturef, temperaturec, humidity) VALUES (1207, 1262, 71.24, 21.8, 27);
INSERT INTO public.templog (id, nodesensorlogid, temperaturef, temperaturec, humidity) VALUES (1208, 1263, 44.24, 6.8, 51);
INSERT INTO public.templog (id, nodesensorlogid, temperaturef, temperaturec, humidity) VALUES (1209, 1264, 75.2, 24, 19);
INSERT INTO public.templog (id, nodesensorlogid, temperaturef, temperaturec, humidity) VALUES (1210, 1265, 44.24, 6.8, 51);
INSERT INTO public.templog (id, nodesensorlogid, temperaturef, temperaturec, humidity) VALUES (1211, 1266, 71.24, 21.8, 29);
INSERT INTO public.templog (id, nodesensorlogid, temperaturef, temperaturec, humidity) VALUES (1212, 1267, 44.24, 6.8, 51);
INSERT INTO public.templog (id, nodesensorlogid, temperaturef, temperaturec, humidity) VALUES (1213, 1268, 44.06, 6.7, 51);
INSERT INTO public.templog (id, nodesensorlogid, temperaturef, temperaturec, humidity) VALUES (1214, 1269, 44.06, 6.7, 51);
INSERT INTO public.templog (id, nodesensorlogid, temperaturef, temperaturec, humidity) VALUES (1215, 1270, 71.24, 21.8, 27);
INSERT INTO public.templog (id, nodesensorlogid, temperaturef, temperaturec, humidity) VALUES (1216, 1271, 44.06, 6.7, 51);
INSERT INTO public.templog (id, nodesensorlogid, temperaturef, temperaturec, humidity) VALUES (1217, 1272, 71.06, 21.7, 28);
INSERT INTO public.templog (id, nodesensorlogid, temperaturef, temperaturec, humidity) VALUES (1218, 1273, 70.88, 21.6, 28);
INSERT INTO public.templog (id, nodesensorlogid, temperaturef, temperaturec, humidity) VALUES (1219, 1274, 75.2, 24, 19);
INSERT INTO public.templog (id, nodesensorlogid, temperaturef, temperaturec, humidity) VALUES (1220, 1275, 71.24, 21.8, 29);
INSERT INTO public.templog (id, nodesensorlogid, temperaturef, temperaturec, humidity) VALUES (1221, 1276, 44.06, 6.7, 51);
INSERT INTO public.templog (id, nodesensorlogid, temperaturef, temperaturec, humidity) VALUES (1222, 1277, 70.88, 21.6, 28);
INSERT INTO public.templog (id, nodesensorlogid, temperaturef, temperaturec, humidity) VALUES (1223, 1278, 71.06, 21.7, 28);
INSERT INTO public.templog (id, nodesensorlogid, temperaturef, temperaturec, humidity) VALUES (1224, 1279, 70.7, 21.5, 28);
INSERT INTO public.templog (id, nodesensorlogid, temperaturef, temperaturec, humidity) VALUES (1225, 1280, 75.2, 24, 19);
INSERT INTO public.templog (id, nodesensorlogid, temperaturef, temperaturec, humidity) VALUES (1226, 1281, 44.24, 6.8, 51);
INSERT INTO public.templog (id, nodesensorlogid, temperaturef, temperaturec, humidity) VALUES (1227, 1282, 71.06, 21.7, 29);
INSERT INTO public.templog (id, nodesensorlogid, temperaturef, temperaturec, humidity) VALUES (1228, 1283, 44.24, 6.8, 51);
INSERT INTO public.templog (id, nodesensorlogid, temperaturef, temperaturec, humidity) VALUES (1229, 1284, 44.24, 6.8, 51);
INSERT INTO public.templog (id, nodesensorlogid, temperaturef, temperaturec, humidity) VALUES (1230, 1285, 70.88, 21.6, 28);
INSERT INTO public.templog (id, nodesensorlogid, temperaturef, temperaturec, humidity) VALUES (1231, 1286, 71.24, 21.8, 28);
INSERT INTO public.templog (id, nodesensorlogid, temperaturef, temperaturec, humidity) VALUES (1232, 1287, 71.24, 21.8, 28);
INSERT INTO public.templog (id, nodesensorlogid, temperaturef, temperaturec, humidity) VALUES (1233, 1288, 71.6, 22, 27);
INSERT INTO public.templog (id, nodesensorlogid, temperaturef, temperaturec, humidity) VALUES (1234, 1289, 75.2, 24, 19);
INSERT INTO public.templog (id, nodesensorlogid, temperaturef, temperaturec, humidity) VALUES (1235, 1290, 71.24, 21.8, 29);


--
-- TOC entry 3476 (class 0 OID 16436)
-- Dependencies: 224
-- Data for Name: view; Type: TABLE DATA; Schema: public; Owner: levi
--

INSERT INTO public.view (id, name) VALUES (2, 'Room Temperatures');
INSERT INTO public.view (id, name) VALUES (10, 'Garage Control');


--
-- TOC entry 3477 (class 0 OID 16441)
-- Dependencies: 225
-- Data for Name: viewnodesensordata; Type: TABLE DATA; Schema: public; Owner: levi
--

INSERT INTO public.viewnodesensordata (id, nodeid, viewid, nodesensorid, name) VALUES (25, 43, 2, 48, 'Garage');
INSERT INTO public.viewnodesensordata (id, nodeid, viewid, nodesensorid, name) VALUES (26, 44, 2, 50, 'Main BR');
INSERT INTO public.viewnodesensordata (id, nodeid, viewid, nodesensorid, name) VALUES (27, 45, 2, 51, 'Kid''s Room');
INSERT INTO public.viewnodesensordata (id, nodeid, viewid, nodesensorid, name) VALUES (28, 46, 2, 52, 'Main Floor');
INSERT INTO public.viewnodesensordata (id, nodeid, viewid, nodesensorid, name) VALUES (29, 47, 2, 53, 'Dad''s Office');
INSERT INTO public.viewnodesensordata (id, nodeid, viewid, nodesensorid, name) VALUES (30, 48, 2, 54, 'Kitchen');
INSERT INTO public.viewnodesensordata (id, nodeid, viewid, nodesensorid, name) VALUES (34, 43, 10, 49, 'Is Open?');


--
-- TOC entry 3478 (class 0 OID 16446)
-- Dependencies: 226
-- Data for Name: viewnodeswitchdata; Type: TABLE DATA; Schema: public; Owner: levi
--

INSERT INTO public.viewnodeswitchdata (id, nodeid, viewid, nodeswitchid, name) VALUES (1, 43, 10, 28, 'Door Button');


--
-- TOC entry 3503 (class 0 OID 0)
-- Dependencies: 240
-- Name: controlpoint_id_seq; Type: SEQUENCE SET; Schema: public; Owner: levi
--

SELECT pg_catalog.setval('public.controlpoint_id_seq', 4, false);


--
-- TOC entry 3504 (class 0 OID 0)
-- Dependencies: 241
-- Name: controlpointnodes_id_seq; Type: SEQUENCE SET; Schema: public; Owner: levi
--

SELECT pg_catalog.setval('public.controlpointnodes_id_seq', 49, false);


--
-- TOC entry 3505 (class 0 OID 0)
-- Dependencies: 234
-- Name: magneticlog_id_seq; Type: SEQUENCE SET; Schema: public; Owner: levi
--

SELECT pg_catalog.setval('public.magneticlog_id_seq', 210, true);


--
-- TOC entry 3506 (class 0 OID 0)
-- Dependencies: 235
-- Name: moisturelog_id_seq; Type: SEQUENCE SET; Schema: public; Owner: levi
--

SELECT pg_catalog.setval('public.moisturelog_id_seq', 1, false);


--
-- TOC entry 3507 (class 0 OID 0)
-- Dependencies: 242
-- Name: node_id_seq; Type: SEQUENCE SET; Schema: public; Owner: levi
--

SELECT pg_catalog.setval('public.node_id_seq', 49, false);


--
-- TOC entry 3508 (class 0 OID 0)
-- Dependencies: 243
-- Name: nodesensor_id_seq; Type: SEQUENCE SET; Schema: public; Owner: levi
--

SELECT pg_catalog.setval('public.nodesensor_id_seq', 55, false);


--
-- TOC entry 3509 (class 0 OID 0)
-- Dependencies: 232
-- Name: nodesensorlog_id_seq; Type: SEQUENCE SET; Schema: public; Owner: levi
--

SELECT pg_catalog.setval('public.nodesensorlog_id_seq', 1291, true);


--
-- TOC entry 3510 (class 0 OID 0)
-- Dependencies: 244
-- Name: nodeswitch_id_seq; Type: SEQUENCE SET; Schema: public; Owner: levi
--

SELECT pg_catalog.setval('public.nodeswitch_id_seq', 29, false);


--
-- TOC entry 3511 (class 0 OID 0)
-- Dependencies: 236
-- Name: resistorlog_id_seq; Type: SEQUENCE SET; Schema: public; Owner: levi
--

SELECT pg_catalog.setval('public.resistorlog_id_seq', 1, false);


--
-- TOC entry 3512 (class 0 OID 0)
-- Dependencies: 245
-- Name: sensortype_id_seq; Type: SEQUENCE SET; Schema: public; Owner: levi
--

SELECT pg_catalog.setval('public.sensortype_id_seq', 5, false);


--
-- TOC entry 3513 (class 0 OID 0)
-- Dependencies: 233
-- Name: templog_id_seq; Type: SEQUENCE SET; Schema: public; Owner: levi
--

SELECT pg_catalog.setval('public.templog_id_seq', 1235, true);


--
-- TOC entry 3514 (class 0 OID 0)
-- Dependencies: 238
-- Name: view_id_seq; Type: SEQUENCE SET; Schema: public; Owner: levi
--

SELECT pg_catalog.setval('public.view_id_seq', 11, false);


--
-- TOC entry 3515 (class 0 OID 0)
-- Dependencies: 237
-- Name: viewnodesensordata_id_seq; Type: SEQUENCE SET; Schema: public; Owner: levi
--

SELECT pg_catalog.setval('public.viewnodesensordata_id_seq', 34, true);


--
-- TOC entry 3516 (class 0 OID 0)
-- Dependencies: 239
-- Name: viewnodeswitchdata_id_seq; Type: SEQUENCE SET; Schema: public; Owner: levi
--

SELECT pg_catalog.setval('public.viewnodeswitchdata_id_seq', 1, true);


-- Completed on 2023-03-04 13:57:40 UTC

--
-- PostgreSQL database dump complete
--

